region;municipality_up_name;municipality_down_name;settlement_name;settlement_name_sep;type;arctic;remote;special;suburb;pop_men;pop_women;pop_total;latitude;longitude;mun_oktmo;sett_oktmo;wage_average;social_share;kindergarden_salary;school_salary;culture_salary;housing_depreciation;emergency_housing;building_construction_space;families_improve;space_per_capita;dtp_deaths_norm;dtp_injury_norm;primary_avaiability;dentists;terapists;pediatricians;support_staff;comments_health_perc;aviation_sun;aviation_center;death_rate;natural_growth;sport_facilities;sport_halls;sport_pools;sport_stadiums;sport_gym;cinemas;libraries;theatres;culture_centers;catering;improving_facilities;disabled_transport;disabled_buildings;lighting;kindergardens_availability;certificate_fail;russian_oge;math_oge;russian_ege;math_ege_base;math_ege_plus;spendings_per_schoolar;additional_education;ecology_spending;ecology_projects;emissions_all;emissions_first;emissions_second;comments_eco_perc;ecology_polygon;investments_per_capita;retail_federal;loss_results;gain_results;unemployed;revenue_per_capita;profit_bt_per_capita;vacancies;grocery store_norm;pvz_norm;nomadic_education_primary;nomadic_education_main;nomadic_education_high;nomadic_ngo;nomadic_language;nomadic_support;nomadic_firms;2.1.2_healthcare_new;2.1.3_housing_new;2.1.4_sports_new;2.1.7_public_spaces_new;2.1.8_education_new;2.2.1_air_quality_new;2.3.5_suitability_indigenous_binary_new;2.7_crime_experience_binary_new
Ямало-Ненецкий автономный округ;Муниципальный округ Пуровский район;Муниципальный округ Пуровский район;пгт Уренгой;пгт Уренгой (Ямало-Ненецкий автономный округ);пгт;TRUE;FALSE;0;FALSE;2820;3025;5845;65.962754;78.372285;71940000;71940000052;5,81;5,8;4,21;5,03;4,59;56,65;65,48;2,93;12,49;24,04;0,34;1,71;1,0;0,68;1,20;0,51;13,00;36,9;1,0;1,0;5,5;7,6;1,0;1,5;0,2;0,0;0,5;0,0;0,2;0,0;0,2;1,7;3378,6;;;90,9;90,6;0,0;3,8;3,7;64,1;4,2;61,6;0,01;;100,4;1,0;3020,1;18430,1;0,0;0,9;0,0;310,6;1,0;19,0;8588,1;10,4;3043,8;150,5;114,8;4,1;1,2;0,00;0,00;0,00;0,00;0,00;0,00;0,00;;;;;;;;
Республика Саха (Якутия);Городской округ Город Якутск;Городской округ Город Якутск;село Пригородный;село Пригородный (Республика Саха (Якутия));село;FALSE;FALSE;ОНП;TRUE;1612;1596;3208;61.974596;129.692393;98701000;98701000151;3,96;18,6;2,50;3,59;3,69;29,00;66,67;5,62;0,00;18,31;1,25;19,95;0,5;0,00;0,62;0,00;0,62;2,33;0,0;0,0;8,4;6,0;0,6;0,9;0,0;0,6;0,3;0,3;0,3;0,0;0,3;0,0;0,0;100,0;100,0;27,0;7,6;0,0;4,0;3,6;55,0;4,3;75,4;;1,8;4,5;0,0;2111,9;10962,6;2,0;0;0,0;4,4;1,0;55,8;116,5;6,0;138587,7;9526,4;2,0;0,9;0,0;0,00;0,00;0,00;0,00;0,00;0,00;0,00;3,7;3,4;3,8;3,9;3,8;3,9;0,7;0,1
Ненецкий автономный округ;Заполярный муниципальный район;Городское поселение рабочий поселок Искателей;рабочий поселок Искателей;рабочий поселок Искателей (Ненецкий автономный округ);рп;TRUE;FALSE;0;TRUE;3526;3740;7266;67.676782;53.1293139;11811000;11811111051;4,99;15,5;3,03;4,24;3,29;26,51;24,52;1,70;2,06;23,68;0,41;2,48;1,0;0,41;1,38;0,41;4,95;1,65;0,0;0,0;12,7;0,1;0,1;0,6;0,0;0,0;0,1;0,0;0,1;0,0;0,1;0,7;2513,6;100,0;89,2;71,9;89,8;0,0;3,6;3,3;68,8;4,1;53,2;0,02;81,5;67,0;1,0;926,1;5000,9;3,3;10,47;1,0;145,7;0,0;95,1;290,9;8,1;4752,7;-856,7;38,0;4,1;1,0;0,00;0,00;0,00;0,00;0,00;0,00;0,00;3,8;3,7;3,6;3,7;3,8;3,3;0,9;0,2
Ямало-Ненецкий автономный округ;Городской округ город Лабытнанги;Городской округ город Лабытнанги;пгт Харп;пгт Харп (Ямало-Ненецкий автономный округ);пгт;TRUE;FALSE;0;TRUE;3159;1872;5031;66.81003;65.800496;71953000;71953000052;4,41;21,6;4,30;5,11;4,84;47,41;36,36;0,48;0,60;18,34;0,00;1,59;1,0;0,60;0,80;0,40;7,55;10,1;0,0;0,0;8,1;1,6;1,2;1,2;0,2;0,0;0,6;0,0;0,2;0,2;0,2;1,0;4388,4;100,0;47,0;65,6;100,0;1,1;3,8;3,5;60,8;4,1;57,0;0,02;9,9;8,6;1,0;1151,3;4000,3;54,0;5,3;0,0;2,6;1,0;70,6;65,5;22,0;317,3;-47,6;703,7;6,0;1,0;0,00;0,00;0,00;0,20;0,00;;;2,1;2,5;3,0;2,9;3,4;3,8;0,8;0,4
Архангельская область;Пинежский муниципальный район;Карпогорское сельское поселение;село Карпогоры;село Карпогоры (Архангельская область);село;TRUE;FALSE;ОНП;FALSE;1533;1871;3404;64.000907;44.449961;11548000;11548000101;3,04;41,9;2,58;2,97;2,72;37,25;5,31;1,78;13,22;23,73;0,00;3,23;1,0;3,53;3,23;2,06;47,00;3,21;1,0;1,0;20,8;-10,8;2,6;0,0;0,0;0,0;0,0;0,0;0,6;0,0;0,6;2,1;0,0;0,0;50,0;;91,6;1,0;4,0;3,6;63,1;3,8;54,1;0,01;;1,2;0,0;728,1;3852,2;0,9;7,18;0,0;5,0;1,0;1,2;9,3;10,2;322,0;31,8;44,3;6,5;1,5;0,00;0,00;0,00;0,00;0,00;0,00;0,00;;;;;;;;
Мурманская область;Городской округ город Североморск (ЗАТО);Городской округ город Североморск (ЗАТО);пгт Сафоново;пгт Сафоново (Мурманская область);пгт;TRUE;FALSE;0;TRUE;2107;2198;4305;69.05633;33.292346;47730000;47730000061;2,92;;3,00;3,45;2,91;35,14;0,00;0,00;72,71;22,77;0,00;0,93;0,5;0,00;0,46;0,23;2,32;3,41;0,0;0,0;6,4;4,8;0,9;0,0;0,0;0,0;0,0;0,0;0,2;0,0;0,2;1,2;0,0;100,0;69,0;100,0;71,1;0,4;3,7;3,5;65,5;4,0;46,8;0,01;27,6;2,1;1,0;9283,6;1031,3;38,1;3,88;1,0;;1,0;4,0;;3,5;13320,7;1439,5;52,7;1,2;1,4;1,00;1,00;1,00;0,00;0,00;0,00;0,00;3,1;2,5;2,6;2,4;3,4;3,5;0,8;0,3
Архангельская область;Вельский муниципальный район;Городское поселение Кулойское;рп Кулой;рп Кулой (Архангельская область);рп;FALSE;FALSE;ПНП;FALSE;2155;2651;4806;61.030016;42.492807;11605000;11605157051;2,55;38,2;2,34;2,49;2,65;41,91;18,08;0,25;;;0,21;3,95;0,5;0,00;0,21;0,00;0,83;2,27;0,0;0,0;17,7;-9,2;1,5;0,4;0,0;0,0;0,0;0,0;0,2;0,0;0,2;1,0;1578,2;;0,0;100,0;97,8;0,1;3,9;3,5;71,9;4,6;64,1;0,01;12,6;1,3;0,0;2476,4;1005,0;1,3;7,58;1,0;1,3;1,0;6,9;18,1;10,9;79,1;4,0;35,3;3,3;1,2;0,00;0,00;0,00;;;;;;;;;;;;
Архангельская область;Приморский муниципальный район;Уемское сельское поселение;поселок Уемский;поселок Уемский (Архангельская область);поселок;TRUE;FALSE;ПНП;TRUE;2023;2209;4232;64.4757;40.862821;11552000;11552000296;3,40;26,4;2,33;2,78;2,57;35,03;26,47;2,43;3,07;101,58;0,00;2,60;1,0;0,47;1,65;0,24;4,25;9,28;0,0;0,0;15,4;-6,8;0,5;0,2;0,0;0,0;0,0;0,0;0,5;0,0;0,2;0,5;0,0;;100,0;44,4;99,0;0,2;3,9;3,5;69,2;4,2;47,2;0,01;84,8;4,3;0,0;39462,3;1002,7;0,8;3,09;0,0;3,9;1,0;7,0;39,3;7,0;17848,8;1238,1;9,7;3,1;0,5;0,00;0,00;0,00;0,00;0,00;0,00;0,00;2,1;2,0;2,6;2,1;2,7;2,9;0,8;0,5
Ямало-Ненецкий автономный округ;Муниципальный округ Красноселькупский район;Муниципальный округ Красноселькупский район;село Красноселькуп;село Красноселькуп (Ямало-Ненецкий автономный округ);село;TRUE;TRUE;0;FALSE;1814;1918;3732;65.705672;82.460046;71933000;71933000101;5,99;15,5;4,41;5,38;5,13;46,42;21,60;2,45;24,65;22,78;0,27;0,00;1,0;1,07;1,61;0,54;20,10;26,3;1,0;0,0;8,4;4,1;0,5;1,1;0,3;0,3;0,5;0,3;0,5;0,3;0,5;1,1;44917,2;0,0;0,7;0,7;80,3;1,3;4,1;3,7;64,3;4,1;60,0;0,02;58,9;91,8;0,5;1068,6;240,9;2,3;0,0;0,0;207,1;0,0;153,3;3054,7;2,6;14746,3;190,1;75,0;5,4;0,0;0,00;0,00;0,00;0,27;30,55;282,82;0,67;2,0;2,1;2,2;1,8;3,1;2,5;0,7;0,2
Республика Коми;Городской округ Ухта;Городской округ Ухта;пгт Водный;пгт Водный (Республика Коми);пгт;FALSE;FALSE;0;TRUE;2083;2594;4677;63.5054457;53.4123097;87525000;87525000061;3,97;22,2;2,26;2,30;2,22;37,91;12,79;0,16;;23,28;0,00;1,71;1,0;0,00;0,43;0,00;1,71;1,09;0,0;0,0;13,2;-4,7;1,9;0,4;0,2;0,0;0,0;0,0;0,2;0,0;0,2;0,2;0,0;25,0;;85,0;3,6;0,0;4,0;3,6;65,1;4,1;54,3;0,00;0,4;10,3;0,0;12347,0;79,4;53,0;13,66;1,0;13,5;1,0;34,3;115,8;2,6;95,8;7,0;7,0;4,7;0,9;0,00;0,00;0,00;0,00;0,00;0,00;;;;;;;;;
Красноярский край;Туруханский муниципальный район;Сельское поселение Туруханский сельсовет;село Туруханск;село Туруханск (Красноярский край);село;TRUE;FALSE;ОНП;FALSE;1446;1732;3178;65.7939965;87.9555316;04654000;04654434101;5,44;9,3;3,62;4,10;3,72;38,04;0,99;0,50;24,86;31,33;0,31;2,52;1,0;1,57;0,94;0,94;16,05;10,38;1,0;1,0;14,6;-3,4;1,6;1,6;0,0;0,0;0,0;0,0;0,6;0,0;0,3;0,3;168,7;0,0;;90,0;73,3;4,8;3,0;3,0;56,5;3,5;41,6;0,02;74,8;81,8;0,0;2547,5;70,1;1,2;11,32;0,0;245,7;0,0;2,5;3679,7;;910,9;37,8;;5,3;0,0;0,00;0,00;0,00;0,00;0,00;38,13;3,72;;;;;;;;
Ханты-Мансийский автономный округ - Югра;Березовский муниципальный район;Городское поселение Березово;пгт Березово;пгт Березово (Ханты-Мансийский автономный округ - Югра);пгт;TRUE;FALSE;0;FALSE;2905;3506;6411;63.936763;65.043246;71812000;71812151051;4,40;29,3;3,38;3,96;2,26;45,99;37,00;2,30;16,22;33,83;0,00;3,12;1,0;0,62;1,72;0,62;18,09;5,29;1,0;1,0;11,8;-1,4;1,1;0,9;0,2;0,0;0,2;0,2;0,3;0,0;0,2;1,4;1121,4;100,0;77,0;100,0;92,9;0,9;3,9;3,3;63,4;3,6;51,3;0,01;73,8;6,3;0,0;514,6;39,9;0,8;7,37;0,0;1,2;1,0;12,7;10,2;16,5;149,0;16,1;62,5;4,2;0,8;0,00;0,00;0,00;0,00;0,00;63,39;0,70;;;;;;;;
Республика Коми;Городской округ Ухта;Городской округ Ухта;пгт Ярега;пгт Ярега (Республика Коми);пгт;FALSE;FALSE;0;TRUE;2867;3389;6256;63.43561089;53.579064;87525000;87525000071;3,97;22,2;2,17;2,26;1,98;25,49;12,09;0,39;;26,01;0,00;2,88;1,0;0,32;0,64;0,32;4,16;7,83;0,0;0,0;13,2;-4,7;1,8;0,5;0,2;0,0;0,3;0,2;0,2;0,0;;0,5;0,0;;;100,0;5,8;0,0;3,8;3,5;62,9;4,2;52,7;0,01;0,3;10,3;0,0;17242,6;29,4;1,5;2,61;0,0;13,5;1,0;34,3;115,8;2,8;26,8;4,4;94,2;4,8;1,0;0,00;0,00;0,00;0,00;0,00;0,00;;2,3;2,3;2,3;2,2;2,3;3,2;0,7;0,3
Красноярский край;Богучанский муниципальный район;Сельское поселение Богучанский сельсовет;село Богучаны;село Богучаны (Красноярский край);село;FALSE;FALSE;ОНП;FALSE;5305;5887;11192;58.3777424;97.45415712;04609000;04609410101;3,23;26,8;2,30;3,66;2,09;42,13;4,29;2,13;0,80;28,23;0,00;4,56;1,0;0,36;1,25;1,16;16,98;9,24;1,0;1,0;13,6;-4,4;1,0;0,7;0,0;0,0;0,3;0,0;0,4;0,0;0,2;0,8;0,0;100,0;67,0;100,0;65,4;2,1;3,9;3,7;66,0;;;0,00;64,7;2,7;0,0;2221,6;29,3;0,1;10,04;0,0;5,2;1,0;153,9;108,8;;229,3;17,6;;7,4;1,0;0,00;0,00;0,00;;;0,00;0,00;;;;;;;;
Ханты-Мансийский автономный округ - Югра;Сургутский муниципальный район;Городское поселение Белый Яр;пгт Белый Яр;пгт Белый Яр (Ханты-Мансийский автономный округ - Югра);пгт;FALSE;FALSE;0;TRUE;7856;8285;16141;61.266262;73.248217;71826000;71826155051;4,97;12,2;3,26;4,13;3,16;49,64;67,36;6,26;4,65;17,60;0,06;1,67;1,0;0,43;1,18;0,74;5,33;0,93;1,0;0,0;5,3;7,8;0,8;0,6;0,1;0,0;0,1;0,1;0,1;0,0;0,1;1,1;0,0;35,0;64,0;49,8;86,0;0,4;4,0;3,4;65,2;3,9;57,3;0,01;87,2;140,4;0,0;24707,2;22,6;21355,4;0;0,0;100,9;1,0;528,0;547,3;4,1;36289,6;18616,4;97,5;3,0;0,9;0,00;0,00;0,00;0,00;0,00;0,00;0,00;;;;;;;;
Красноярский край;Енисейский муниципальный район;Городское поселение поселок Подтесово;пгт Подтесово;пгт Подтесово (Красноярский край);пгт;FALSE;FALSE;ПНП;TRUE;1664;2004;3668;58.60511857;92.0930026;04615000;04615155051;2,75;44,2;2,16;2,82;2,51;60,20;21,26;0,77;3,82;28,18;0,27;6,54;1,0;0,27;0,00;0,55;7,09;0;0,0;0,0;16,1;-6,6;0,8;1,1;0,0;0,3;0,3;0,3;0,5;0,0;0,3;1,1;8384,1;10,0;45,0;0,9;81,0;0,0;3,6;3,3;64,3;3,8;50,6;0,01;4,2;2,8;1,0;912,9;17,7;0,4;2,38;1,0;0,4;1,0;3,4;6,9;;93,5;5,5;;5,2;0,8;0,00;0,00;0,00;;;0,00;0,00;;;;;;;;
Республика Коми;Муниципальный район Сыктывдинский;Сельское поселение Выльгорт;село Выльгорт;село Выльгорт (Республика Коми);село;FALSE;FALSE;ПНП;TRUE;4815;5749;10564;61.62610946;50.76476209;87628000;87628405101;2,53;34;2,50;3,07;;49,37;46,67;8,55;;30,74;0,09;3,79;1,0;0,47;1,14;0,57;8,42;1,66;0,0;0,0;13,6;-3,4;1,3;0,6;0,0;0,1;0,2;0,0;0,3;0,0;0,2;0,5;;;;69,9;43,9;0,0;3,8;3,5;66,7;4,4;58,5;0,01;24,8;2,4;0,0;751,6;15,8;1,5;6,64;0,0;1,7;1,0;5,7;33,9;10,2;13202,3;1050,8;130,7;3,2;0,9;0,00;0,00;0,00;0,00;0,00;0,00;;2,8;3,0;3,3;3,0;3,3;3,6;0,8;0,4
Ханты-Мансийский автономный округ - Югра;Сургутский муниципальный район;Городское поселение Федоровский;пгт Федоровский;пгт Федоровский (Ханты-Мансийский автономный округ - Югра);пгт;FALSE;FALSE;0;FALSE;12212;11402;23614;61.606517;73.719143;71826000;71826165051;4,97;12,2;3,22;4,11;3,07;38,44;42,61;1,71;1,95;15,37;0,00;1,82;1,0;0,30;0,80;0,51;3,64;1,14;1,0;0,0;5,3;7,8;0,8;0,4;0,1;0,0;0,0;0,0;0,0;0,0;0,0;0,8;1668,5;35,0;94,0;49,4;95,0;0,6;4,0;3,4;66,2;4,0;54,2;0,01;87,3;140,4;1,0;4720,3;14,7;4,0;3,41;0,0;100,9;1,0;528,0;547,3;3,0;124,4;5,3;52,2;2,2;0,6;0,00;0,00;0,00;0,00;0,00;0,00;0,00;;;;;;;;
Ханты-Мансийский автономный округ - Югра;Сургутский муниципальный район;Сельское поселение Солнечный;посёлок Солнечный;посёлок Солнечный (Ханты-Мансийский автономный округ - Югра);поселок;FALSE;FALSE;0;TRUE;6291;6594;12885;61.283872;73.203266;71826000;71826407101;4,97;12,2;3,65;4,27;;34,77;58,59;7,32;5,98;20,55;0,08;0,47;1,0;0,23;0,85;0,31;2,79;0;1,0;0,0;5,3;7,8;0,7;1,5;0,2;0,1;0,2;0,1;0,1;0,0;0,2;0,9;0,2;75,0;58,0;35,4;82,8;0,6;4,0;3,5;65,8;4,1;60,3;0,01;86,9;140,4;0,0;24013,5;7,8;21356,3;6,06;0,0;100,9;1,0;528,0;547,3;4,1;10091,5;16657,2;477,5;3,6;0,9;0,00;0,00;0,00;0,00;0,00;0,00;0,00;2,2;2,8;3,1;2,8;2,8;4,0;0,7;0,3
Республика Коми;Городской округ Воркута;Городской округ Воркута;пгт Северный;пгт Северный (Республика Коми);пгт;TRUE;TRUE;0;TRUE;1812;1848;3660;67.60106873;64.10110798;87710000;87710000091;4,43;23,4;3,04;3,91;;42,44;25,35;0,00;;39,85;0,00;1,64;1,0;0,00;0,55;0,00;2,46;5;0,0;0,0;11,1;-2,8;1,4;0,3;0,0;0,0;0,3;0,0;0,3;0,0;0,3;0,3;891,0;;;;3,8;1,4;3,9;3,5;59,3;3,7;53,7;0,01;0,0;6,5;0,0;100668,3;7,5;0,3;2,73;0,0;5,7;1,0;19,8;123,0;6,2;199,6;13,3;9,8;6,0;0,5;0,00;0,00;0,00;0,00;0,00;;;;;;;;;;
Ханты-Мансийский автономный округ - Югра;Сургутский муниципальный район;Сельское поселение Нижнесортымский;посёлок Нижнесортымский;посёлок Нижнесортымский (Ханты-Мансийский автономный округ - Югра);поселок;FALSE;TRUE;0;FALSE;7341;6876;14217;62.44444;71.770705;71826000;71826423101;4,97;12,2;3,89;4,56;3,11;1,22;0,00;0,28;4,78;16,60;0,07;2,11;1,0;0,35;0,63;0,42;7,53;0;1,0;0,0;5,3;7,8;0,6;0,6;0,4;0,1;0,1;0,1;0,1;0,0;0,1;0,4;0,0;65,0;75,0;73,8;86,2;0,0;4,2;3,5;69,6;4,4;57,6;0,01;86,4;140,4;0,0;11025,5;7,4;32,0;3,45;1,0;100,9;1,0;528,0;547,3;1,0;18,7;-2,4;42,0;1,5;0,8;0,00;0,00;0,00;0,00;0,00;5,63;0,38;;;;;;;;
Республика Карелия;Медвежьегорский муниципальный район;Пиндушское городское поселение;пгт Пиндуши;пгт Пиндуши (Республика Карелия);пгт;FALSE;FALSE;ПНП;TRUE;1880;2053;3933;62.916887;34.579546;86624000;86624155051;2,79;41,7;2,44;2,39;1,73;53,57;59,75;0,58;25,93;31,06;0,00;1,78;1,0;0,25;0,51;0,51;1,78;1,49;0,0;0,0;24,0;-16,1;0,8;0,8;0,0;0,3;0,5;0,0;0,3;0,0;0,3;0,8;10678,9;7,0;5,0;87,0;94,5;0,0;3,5;3,5;64,3;4,5;64,8;0,01;62,5;0,5;0,0;50086,5;4,2;6,2;19,4;0,0;0,4;1,0;14,5;22,2;5,6;1451,1;99,7;12,5;4,1;1,0;0,00;0,00;0,00;0,00;0,00;0,00;0,00;;;;;;;;
Республика Карелия;Лоухский муниципальный район;Лоухское городское поселение;пгт Лоухи;пгт Лоухи (Республика Карелия);пгт;TRUE;FALSE;ОНП;FALSE;1680;2029;3709;66.074149;33.044785;86621000;86621151051;3,55;41,1;1,94;2,48;2,11;25,72;28,71;0,98;;36,27;0,27;1,62;1,0;1,08;0,00;0,27;0,00;5,33;0,0;0,0;25,9;-19,5;3,5;0,8;0,0;0,0;0,3;0,0;0,3;0,3;0,3;3,0;1,1;0,0;;;69,6;0,9;;;;;;0,01;71,4;0,4;0,0;475,1;3,9;3,1;17,94;0,0;0,9;1,0;10,8;153,6;;253,8;3,9;;5,4;0,8;0,00;0,00;0,00;0,00;0,00;;;2,5;2,3;3,3;2,9;3,1;3,8;0,9;0,4
Республика Коми;Городской округ Воркута;Городской округ Воркута;пгт Воргашор;пгт Воргашор (Республика Коми);пгт;TRUE;TRUE;0;TRUE;3194;3359;6553;67.5829543;63.7982355;87710000;87710000056;4,43;23,4;3,04;3,46;;36,40;20,75;0,00;;45,95;0,61;1,53;1,0;0,31;0,76;0,00;3,36;3,38;0,0;0,0;11,1;-2,8;0,3;0,2;0,2;0,0;0,0;0,2;0,2;0,0;0,2;0,3;1016,8;;;;3,8;0,8;4,1;3,4;64,7;4,1;54,0;0,01;0,9;6,5;0,0;81152,9;3,8;0,1;3,38;0,0;5,7;1,0;19,8;123,0;8,8;63,1;24,7;44,7;5,5;0,6;0,00;0,00;0,00;0,00;0,00;;;1,5;1,8;1,7;2,0;2,3;3,1;0,2;0,4
Ханты-Мансийский автономный округ - Югра;Октябрьский муниципальный район;Сельское поселение Унъюган;посёлок Унъюган;посёлок Унъюган (Ханты-Мансийский автономный округ - Югра);поселок;FALSE;TRUE;0;TRUE;2646;2832;5478;61.953956;64.949667;71821000;71821404101;4,56;21,9;3,16;3,97;3,13;35,53;13,56;1,10;3,10;26,08;0,18;1,10;1,0;0,37;0,55;0,18;7,85;0;1,0;0,0;12,1;-1,9;1,1;1,8;0,2;0,0;0,2;0,0;0,2;0,4;0,4;0,5;933,6;0,0;100,0;73,8;65,0;0,0;3,8;3,4;63,7;4,1;54,1;0,01;92,2;44,6;0,0;123310,8;3,2;0,4;0;0,0;24,0;1,0;5,9;21,2;6,5;39,1;-4,2;6,5;5,5;2,4;0,00;0,00;0,00;0,00;0,00;0,00;0,00;;;;;;;;
Красноярский край;Енисейский муниципальный район;Сельское поселение Верхнепашинский сельсовет;село Верхнепашино;село Верхнепашино (Красноярский край);село;FALSE;FALSE;ПНП;TRUE;;;2870;58.40259013;92.2527237;04615000;04615407101;2,75;44,2;2,20;2,90;2,63;53,61;56,41;0,92;59,58;32,53;0,35;4,18;1,0;0,35;0,35;0,35;2,44;11,11;0,0;0,0;16,1;-6,6;1,4;0,3;0,0;0,3;0,0;0,0;0,7;0,0;0,3;0,0;1036,6;10,0;50,0;1,0;72,5;0,0;3,4;3,6;62,0;3,8;46,9;0,01;16,1;2,8;1,0;999,7;3,0;0,1;0;0,0;0,4;0,0;3,4;6,9;;2103,4;115,6;;4,2;0,7;1,00;1,00;1,00;;;0,00;0,00;;;;;;;;
Архангельская область;Приморский муниципальный район;Катунинское сельское поселение;посёлок Катунино;посёлок Катунино (Архангельская область);поселок;TRUE;FALSE;ОНП;TRUE;1617;1945;3562;64.389661;40.63161;11552000;11552000286;3,40;26,4;2,29;2,79;2,45;27,77;0,00;2,50;5,05;108,75;0,00;0,28;0,5;0,56;0,84;0,56;3,37;1,72;0,0;0,0;15,4;-6,8;1,1;0,3;0,0;0,0;0,0;0,0;0,3;0,0;0,3;0,3;0,3;;100,0;45,9;98,2;0,2;3,8;3,5;69,1;4,1;52,3;0,01;86,3;4,3;0,0;2044,2;3,0;2,8;3,45;0,0;3,9;1,0;7,0;39,3;8,6;6414,8;318,8;5,7;3,4;0,8;0,00;0,00;0,00;0,00;0,00;0,00;0,00;;;;;;;;
Ямало-Ненецкий автономный округ;Муниципальный округ Ямальский район;Муниципальный округ Ямальский район;село Яр-Сале;село Яр-Сале (Ямало-Ненецкий автономный округ);село;TRUE;TRUE;0;FALSE;3533;3877;7410;66.863516;70.83817;71948000;71948000101;5,57;4,4;4,25;5,24;4,43;16,04;17,26;0,90;19,97;23,20;0,00;0,27;1,0;0,54;1,48;0,81;18,35;16,7;1,0;1,0;8,1;15,3;2,2;0,7;0,1;0,1;0,3;0,1;0,3;0,0;0,1;0,7;1744,5;100,0;63,8;84,0;27,3;0,0;3,7;3,5;62,2;3,7;55,0;0,03;82,8;279,4;1,0;420,1;3,0;0,8;2,1;0,0;466,9;1,0;6577,2;26699,5;3,3;265,1;18,0;105,3;2,8;0,3;0,00;0,00;0,00;0,13;85,43;1534,16;2,43;;;;;;;;
Республика Саха (Якутия);Нюрбинский муниципальный район;Сельское поселение Октябрьский наслег;село Антоновка;село Антоновка (Республика Саха (Якутия));село;FALSE;FALSE;ПНП;TRUE;1476;1626;3102;63.2853;118.396029;98626000;98626445101;3,74;30;2,50;3,79;3,72;70,00;100,00;3,15;5,16;14,44;0,32;0,32;1,0;0,00;0,64;0,64;3,55;0;0,0;0,0;11,8;4,5;0,3;0,3;0,0;0,0;0,3;0,0;0,3;0,0;0,3;0,0;50834,3;;;1,0;100,0;1,7;2,9;2,4;51,9;2,2;28,0;;97,7;54,9;0,0;1825,9;2,8;1,5;12,5;1,0;4,5;0,0;0,7;384,2;23,2;402,6;30,2;0,0;1,6;0,3;0,00;0,00;0,00;0,00;0,00;0,00;0,00;3,3;3,1;3,9;3,7;3,4;4,0;1,0;0,2
Архангельская область;Лешуконский муниципальный район;Лешуконское сельское поселение;село Лешуконское;село Лешуконское (Архангельская область);село;TRUE;FALSE;ОНП;FALSE;1600;1950;3550;64.897914;45.758867;11538000;11538000101;2,80;51,8;2,92;3,50;;27,33;17,04;1,02;2,82;59,10;0,00;2,54;1,0;0,28;1,13;0,28;12,68;18,59;1,0;1,0;26,7;-16,5;1,7;0,8;0,0;0,0;0,0;0,0;0,6;0,0;0,8;0,6;;0,0;0,0;51,2;56,3;0,0;4,1;3,8;73,8;4,5;62,3;0,02;65,7;0,2;0,0;1568,3;2,6;2,2;7,05;0,0;0,1;0,0;0,6;5,0;16,5;190,6;19,3;15,7;4,5;0,8;0,00;0,00;0,00;0,00;0,00;0,00;0,00;;;;;;;;
Ханты-Мансийский автономный округ - Югра;Сургутский муниципальный район;Городское поселение Барсово;пгт Барсово;пгт Барсово (Ханты-Мансийский автономный округ - Югра);пгт;FALSE;FALSE;0;TRUE;2987;3205;6192;61.254759;73.1818;71826000;71826153051;4,97;12,2;3,06;3,83;1,77;56,07;22,83;8,91;29,88;14,83;0,00;1,45;1,0;0,16;0,48;0,32;7,91;0;1,0;0,0;5,3;7,8;1,5;1,0;0,0;0,0;0,5;0,2;0,2;0,0;0,2;1,0;0,0;75,0;80,0;100,0;89,5;0,0;4,1;3,4;62,7;4,1;50,1;0,01;87,1;140,4;0,0;22483,2;2,6;21350,7;3,6;0,0;100,9;1,0;528,0;547,3;4,2;9427,9;28206,8;61,5;3,7;1,0;0,00;0,00;0,00;0,00;0,00;0,00;0,00;2,1;2,3;3,1;2,3;2,5;3,7;0,9;0,3
Республика Карелия;Калевальский муниципальный район;Калевальское городское поселение;пгт Калевала;пгт Калевала (Республика Карелия);пгт;TRUE;FALSE;ОНП;FALSE;1640;1886;3526;65.198963;31.18701;86609000;86609151051;2,62;41,7;2,54;2,48;1,84;36,54;20,83;2,77;9,36;38,50;0,00;1,42;1,0;0,85;0,57;0,57;15,60;0,69;1,0;0,0;21,1;-13,2;5,7;1,4;0,0;0,0;0,0;0,3;2,0;0,0;1,7;3,7;1793,8;0,0;80,0;71,4;60,2;0,0;3,9;3,6;63,2;4,2;55,4;0,01;74,9;1,6;0,0;294,0;1,9;0,0;14,53;0,0;0,2;1,0;6,5;60,0;18,4;470,3;-17,2;47,5;6,0;0,9;0,00;0,00;0,00;0,00;66,36;0,00;0,00;;;;;;;;
Архангельская область;Онежский муниципальный район;Городское поселение Малошуйское;рп Малошуйка;рп Малошуйка (Архангельская область);рп;TRUE;FALSE;ПНП;FALSE;947;1052;1999;63.707442;37.453802;11646000;11646000052;2,55;45,7;2,12;2,01;;;31,58;0,00;1,00;25,50;0,00;7,00;1,0;1,00;0,00;0,00;5,50;12,9;0,0;0,0;17,2;-9,2;0,5;1,0;0,0;0,0;0,5;0,0;0,5;0,0;0,5;1,0;0,0;;0,0;20,0;53,0;0,0;4,2;3,4;68,7;4,4;56,4;0,01;76,4;1,0;0,0;409,4;1,5;0,4;0;1,0;1,1;0,0;26,4;28,6;5,7;15,2;0,8;13,0;3,5;0,0;0,00;0,00;0,00;;;;;;;;;;;;
Ханты-Мансийский автономный округ - Югра;Кондинский муниципальный район;Городское поселение Междуреченский;пгт Междуреченский;пгт Междуреченский (Ханты-Мансийский автономный округ - Югра);пгт;FALSE;FALSE;0;FALSE;5149;5918;11067;59.586221;65.892344;71816000;71816160051;3,93;29,9;2,91;3,68;3,50;28,27;20,59;1,74;35,51;30,68;0,00;1,17;1,0;0,99;1,72;0,72;24,04;4,17;1,0;0,0;13,8;-4,0;1,2;1,0;0,0;0,1;0,4;0,1;0,3;0,0;0,1;1,2;4323,7;27,0;100,0;94,8;69,1;0,2;4,0;3,4;67,7;4,1;51,2;0,01;88,1;15,8;0,0;18907,6;1,4;67,5;15,15;0,0;79,4;1,0;5,8;7,0;12,5;54,4;8,2;61,5;4,8;1,3;0,00;0,00;0,00;0,36;0,00;29,37;0,29;2,3;2,9;2,9;2,9;2,9;3,5;0,8;0,3
Чукотский автономный округ;Анадырский муниципальный район;Городское поселение пгт Угольные Копи;пгт Угольные Копи;пгт Угольные Копи (Чукотский автономный округ);пгт;TRUE;TRUE;0;TRUE;1685;1547;3232;64.729163;177.711518;77603000;77603157051;3,95;13,7;3,63;4,46;4,14;23,41;0,00;0,77;8,04;22,27;0,00;0,31;1,0;0,62;0,93;0,31;12,69;7,59;1,0;0,0;13,4;-3,0;0,6;0,6;0,0;0,0;0,3;0,0;0,6;0,0;0,3;0,9;0,0;0,0;60,0;70,0;85,4;2,5;3,8;3,4;62,5;3,2;44,2;0,02;95,2;21,7;0,0;1067,7;1,4;0,1;3,45;0,0;7,4;0,0;68,6;213,6;3,4;29801,3;13361,9;186,5;4,6;0,9;0,00;0,00;0,00;0,00;0,00;0,00;0,00;1,9;1,9;3,0;2,1;3,0;3,2;0,7;0,4
Архангельская область;Устьянский муниципальный район;Городское поселение Октябрьское;рп Октябрьский;рп Октябрьский (Архангельская область);рп;FALSE;FALSE;ПНП;FALSE;4082;5055;9137;61.090974;43.177227;11554000;11554000051;3,04;38,1;1,94;2,91;;30,01;17,32;;;39,89;0,11;4,05;1,0;0,77;1,86;0,66;19,37;0;1,0;1,0;20,7;-12,0;0,7;0,1;0,1;0,1;0,1;0,1;0,2;0,0;0,1;1,3;;20,0;33,3;;80,5;0,5;4,0;3,5;72,7;4,3;60,2;0,01;75,6;0,3;0,0;2379,8;1,4;0,3;3,21;1,0;2,8;1,0;107,0;114,5;6,8;2263,9;-850,0;114,2;3,7;1,2;0,00;0,00;0,00;0,00;0,00;0,00;0,00;;;;;;;;
Архангельская область;Холмогорский муниципальный район;Холмогорское сельское поселение;село Холмогоры;село Холмогоры (Архангельская область);село;FALSE;FALSE;ОНП;FALSE;1517;1877;3394;64.227577;41.650179;11556000;11556000101;2,44;49,8;2,76;3,12;2,44;32,45;10,87;;2,36;5,37;0,00;1,18;1,0;1,18;1,18;0,59;29,17;9,79;0,0;0,0;22,3;-13,6;0,9;0,3;0,0;0,3;0,3;0,0;0,6;0,0;0,3;0,6;;;33,3;;18,9;0,6;4,1;3,5;72,0;4,3;54,8;0,01;6,6;0,3;0,0;244605592,8;1,2;0,1;5,56;0,0;0,7;1,0;6,3;8,1;14,8;162,2;-11,7;54,7;2,9;1,5;0,00;0,00;0,00;0,00;0,00;0,00;0,00;;;;;;;;
Республика Саха (Якутия);Усть-Майский муниципальный район;Городское поселение Поселок Усть-Мая;пгт Усть-Мая;пгт Усть-Мая (Республика Саха (Якутия));пгт;FALSE;FALSE;ОНП;FALSE;1208;1332;2540;60.41575;134.540615;98654000;98654151051;3,98;16,9;2,22;3,24;3,24;71,69;30,16;6,29;3,54;27,99;0,00;0,39;1,0;0,39;2,36;1,18;27,17;0;1,0;0,0;11,1;-3,0;0,4;0,8;0,0;0,0;0,0;0,0;0,4;0,0;0,4;4,7;219,7;0,0;30,0;90,0;94,2;0,0;3,2;2,8;62,3;4,0;43,5;0,01;59,2;8,1;0,0;1311,1;1,2;1,4;16,67;1,0;5,9;0,0;5,0;394,6;12,6;78,4;-0,9;42,0;5,9;0,4;0,00;0,00;0,00;1,18;0,00;0,00;0,00;;;;;;;;
Республика Коми;Муниципальный район Сосногорск;Городское поселение Нижний Одес;пгт Нижний Одес;пгт Нижний Одес (Республика Коми);пгт;FALSE;FALSE;ПНП;FALSE;3444;3904;7348;63.6431317;54.8476804;87626000;87626159051;3,31;32,3;2,03;2,43;;19,58;0,00;0,02;3,54;24,85;0,00;1,63;1,0;0,27;0,27;0,27;6,12;6,35;0,0;0,0;15,9;-8,2;1,2;0,5;0,0;0,0;0,1;0,0;0,3;0,0;0,1;0,4;0,0;;;76,9;13,7;1,1;3,7;3,3;63,6;4,1;55,8;0,00;12,9;11,0;0,0;445,0;1,0;0,2;4,76;1,0;5,1;1,0;5,3;7,4;12,7;114,5;6,1;49,2;4,8;1,1;0,00;0,00;0,00;0,00;0,00;0,00;;2,2;2,3;3,5;2,6;2,7;3,9;0,8;0,3
Архангельская область;Виноградовский муниципальный район;Березниковское сельское поселение;посёлок Березник;посёлок Березник (Архангельская область);поселок;FALSE;FALSE;ОНП;FALSE;2654;2970;5624;62.850996;42.714283;11514000;11514000101;2,41;39,3;2,41;2,77;2,43;28,29;25,77;;;38,50;0,00;3,91;1,0;0,53;1,42;0,36;14,22;4,92;1,0;1,0;19,8;-9,0;0,4;0,0;0,0;0,2;0,0;0,0;0,5;0,0;0,4;0,9;;0,0;20,0;70,0;100,0;0,0;4,0;3,5;73,2;4,5;61,8;0,01;;0,3;0,0;557,2;0,9;0,4;6,15;0,0;1,8;1,0;5,3;26,8;9,3;463,8;6,6;33,2;5,2;1,2;0,00;0,00;0,00;0,00;0,00;0,00;0,00;2,8;3,2;3,4;3,1;3,6;3,8;0,8;0,2
Республика Коми;Муниципальный район Усть-Цилемский;Сельское поселение Усть-Цильма;село Усть-Цильма;село Усть-Цильма (Республика Коми);село;TRUE;TRUE;ОНП;FALSE;2035;2296;4331;65.4424623;52.1544605;87652000;87652440101;2,65;47,8;2,42;2,95;;34,78;5,08;1,33;2,77;;0,00;3,46;1,0;1,15;1,39;0,92;24,01;10,53;1,0;0,0;17,5;-7,2;2,3;0,7;0,0;0,2;0,2;0,0;0,5;0,0;0,3;0,7;;0,0;;100,0;42,7;0,6;3,8;3,5;62,4;4,3;53,4;0,01;34,7;1,5;0,0;1162,3;0,9;0,1;9,21;1,0;0,7;1,0;1,2;3,8;16,1;87,6;10,6;94,2;2,8;1,8;0,00;0,00;0,00;0,00;0,00;0,00;0,00;;;;;;;;
Ханты-Мансийский автономный округ - Югра;Нижневартовский муниципальный район;Городское поселение Излучинск;пгт Излучинск;пгт Излучинск (Ханты-Мансийский автономный округ - Югра);пгт;FALSE;FALSE;0;TRUE;10331;11058;21389;60.953815;76.888522;71819000;71819153051;4,28;9,3;3,05;3,76;3,79;24,85;0,00;3,33;;16,20;0,09;0,42;1,0;0,28;0,75;0,33;6,78;7,23;1,0;0,0;7,6;1,1;0,6;0,5;0,3;0,0;0,2;0,0;0,1;0,0;0,0;0,5;332,5;0,0;30,0;23,2;81,3;0,0;4,0;3,5;70,2;4,4;59,4;0,01;89,5;90,7;0,0;15584,1;0,9;0,5;7,23;0,0;201,2;1,0;9,6;155,2;2,4;281,3;9,3;143,8;1,9;0,6;0,00;0,00;0,00;0,00;0,00;3,46;1,17;;;;;;;;
Республика Карелия;Сегежский муниципальный район;Надвоицкое городское поселение;пгт Надвоицы;пгт Надвоицы (Республика Карелия);пгт;TRUE;FALSE;ПНП;TRUE;2990;3080;6070;63.890971;34.261178;86545000;86545000052;2,75;39,5;2,41;2,29;1,52;51,62;36,03;0,00;0,00;29,98;0,00;1,48;1,0;0,33;0,49;0,33;2,97;7,12;0,0;0,0;19,3;-12,5;0,3;0,2;0,2;0,0;0,3;0,2;0,2;0,2;0,3;0,8;731,5;100,0;60,0;80,0;80,9;0,0;3,6;3,2;65,9;3,8;52,4;;83,7;8,8;0,0;11146,0;0,9;66,0;11,99;0,0;8,3;1,0;38,5;208,7;13,1;524,9;-10,3;97,7;3,6;0,7;0,00;0,00;0,00;0,49;0,00;0,00;0,16;;;;;;;;
Республика Саха (Якутия);Мирнинский муниципальный район;Городское поселение Поселок Айхал;пгт Айхал;пгт Айхал (Республика Саха (Якутия));пгт;FALSE;FALSE;ОНП;FALSE;6952;6418;13370;65.943181;111.500687;98631000;98631152051;5,43;13,9;;5,28;4,14;59,53;61,76;0,00;7,18;22,58;0,07;0,82;1,0;0,15;0,75;0,45;5,98;10;0,0;0,0;7,8;2,7;0,1;0,4;0,1;0,0;0,2;0,0;0,1;0,0;0,1;0,6;882,6;0,0;50,0;85,0;72,9;0,4;4,0;3,4;69,7;4,1;56,7;0,01;61,2;63,7;1,0;1877,6;0,9;3,1;13,33;0,0;19,0;1,0;16,1;1047,1;8,9;105,4;10,4;199,2;4,4;0,4;0,00;0,00;0,00;;;;;;;;;;;;
Республика Коми;Муниципальный район Усть-Вымский;Городское поселение Жешарт;пгт Жешарт;пгт Жешарт (Республика Коми);пгт;FALSE;FALSE;ПНП;FALSE;3139;3990;7129;62.087169;49.587353;87644000;87644155051;2,76;32,6;1,56;2,40;;19,45;14,72;0,79;4,21;31,85;0,42;5,33;1,0;0,14;0,56;0,56;6,59;2,07;1,0;0,0;17,3;-8,4;1,4;0,6;0,0;0,1;0,1;0,1;0,1;0,0;0,1;1,0;;0,0;;67,5;23,9;0,6;3,8;3,4;65,5;4,1;44,7;0,01;16,8;5,5;0,0;2166,8;0,8;40,6;10,33;0,0;2,3;1,0;5,0;51,3;9,5;1076,8;-83,7;128,8;3,1;0,8;0,00;0,00;0,00;0,00;0,00;0,00;;;;;;;;;
Красноярский край;Эвенкийский муниципальный район;Сельское поселение село Ванавара;село Ванавара;село Ванавара (Красноярский край);село;FALSE;FALSE;ПНП;FALSE;;;2532;60.341233;102.288459;04650000;04650459101;4,69;11,3;4,47;5,50;4,46;28,43;2,38;0,76;9,08;33,44;0,00;2,76;1,0;0,39;1,18;1,18;15,80;16,67;1,0;1,0;12,6;2,0;0,0;1,2;0,0;0,0;0,4;0,0;0,8;0,0;0,4;0,4;0,0;0,0;29,9;43,2;79,6;0,2;3,7;3,5;62,5;4,5;56,7;0,01;65,8;34,9;0,0;472,0;0,8;2,4;0;1,0;212,5;0,0;13,7;76,7;6,6;2016,7;8,1;26,0;7,1;0,0;0,00;0,00;0,00;0,00;0,00;105,83;1,78;2,1;1,9;2,7;2,0;2,6;3,2;0,7;0,3
Ямало-Ненецкий автономный округ;Муниципальный округ Надымский район;Муниципальный округ Надымский район;пгт Пангоды;пгт Пангоды (Ямало-Ненецкий автономный округ);пгт;TRUE;FALSE;0;FALSE;5522;5610;11132;65.854522;74.493249;71936000;71936000056;6,91;13,1;4,33;5,22;4,81;30,11;13,91;1,02;14,64;20,75;0,00;0,27;1,0;0,54;0,72;0,45;5,21;5,0;0,0;0,0;4,7;6,3;0,0;0,4;0,2;0,0;0,3;0,1;0,1;0,0;0,2;1,3;1370,2;100,0;70,0;55,4;66,1;0,2;4,0;3,7;67,8;4,2;61,4;0,01;22,0;47,3;1,0;381,6;0,8;10,9;5,0;0,0;25,7;1,0;67,6;458,9;4,3;78,2;10,6;54,2;4,1;1,1;0,00;0,00;0,00;0,00;0,00;0,00;0,00;;;;;;;;
Мурманская область;Кольский муниципальный район;Городское поселение Мурмаши;пгт Мурмаши;пгт Мурмаши (Мурманская область);пгт;TRUE;FALSE;0;TRUE;4930;4638;9568;68.815719;32.809927;47605000;47605163051;4,27;9,20;2,85;3,41;2,78;21,01;1,77;0,00;4,18;22,43;0,00;1,67;1,0;0,31;0,63;0,31;3,6;4,17;0,0;1,0;15,6;-7,8;1,3;0,4;0,2;0,0;0,2;0,0;0,3;0,0;0,1;0,9;128,0;;90,0;97,0;100,0;0,0;3,9;3,7;69,0;4,3;58,91;0,0;20,2;15,4;1,0;1397,4;0,8;5,5;6,71;0,0;82,4;1,0;13,2;156,7;5,9;1130,8;216,1;150,2;3,4;1,3;1,00;1,00;1,00;0,00;0,00;0,00;0,0;;;;;;;;
Ямало-Ненецкий автономный округ;Шурышкарский муниципальный район;Сельское поселение Мужевское;село Мужи;село Мужи (Ямало-Ненецкий автономный округ);село;TRUE;TRUE;0;FALSE;1772;1964;3736;65.395854;64.700146;71946000;71946000101;4,00;36,4;4,35;5,70;4,41;20,96;18,47;1,58;18,47;21,70;0,00;0,27;1,0;1,07;2,68;1,34;31,85;18,2;1,0;0,0;10,4;6,7;0,5;0,8;0,0;0,0;0,3;0,3;0,5;0,5;0,3;1,3;0,0;0,0;80,0;82,0;91,8;0,0;3,6;3,6;58,0;4,2;55,7;0,02;23,9;1,1;1,0;1011,1;0,8;1,4;0,0;0,0;0,6;0,0;10,1;12,7;8,3;153,5;10,9;63,7;3,2;0,8;0,00;0,00;0,00;0,27;43,90;511,52;1,43;;;;;;;;
Красноярский край;Эвенкийский муниципальный район;Сельское поселение село Байкит;село Байкит;село Байкит (Красноярский край);село;FALSE;FALSE;ПНП;FALSE;;;2933;61.68075899;96.3799635;04650000;04650405101;4,69;11,3;2,09;4,99;4,10;46,90;18,97;0,23;18,41;28,55;0,00;1,02;1,0;0,34;0,68;0,68;9,55;14,29;1,0;1,0;12,6;2,0;0,3;1,0;0,0;0,0;0,3;0,0;0,7;0,0;0,3;0,3;0,0;0,0;20,9;100,0;65,6;0,0;3,5;3,4;60,8;4,3;53,3;0,01;65,8;34,9;0,0;477,9;0,7;2,3;0;1,0;212,5;0,0;13,7;76,7;7,8;731,6;19,9;47,2;4,1;0,0;0,00;0,00;0,00;0,00;10,23;185,88;3,64;;;;;;;;
Ямало-Ненецкий автономный округ;Муниципальный округ Тазовский район;Муниципальный округ Тазовский район;село Гыда;село Гыда (Ямало-Ненецкий автономный округ);село;TRUE;TRUE;0;FALSE;1831;1779;3610;70.893333;78.485523;71943000;71943000116;5,45;6,6;4,28;5,03;5,89;13,56;0,00;3,44;4,43;8,33;0,00;1,39;1,0;0,28;0,28;0,28;4,71;0,0;1,0;0,0;7,8;12,5;0,8;1,4;0,0;0,0;0,3;0,3;0,8;0,0;0,8;0,3;0,0;;100,0;100,0;41,1;4,1;3,8;3,3;66,9;3,7;43,0;0,04;55,5;131,4;0,0;76,9;0,6;0,1;2,2;0,0;912,8;0,0;7,9;60,4;4,4;145,7;8,2;316,7;0,3;0,0;0,00;0,00;0,00;;137,67;;1,29;;;;;;;;
Республика Карелия;Сортавальский муниципальный район;Сортавальское городское поселение;пгт Хелюля;пгт Хелюля (Республика Карелия);пгт;FALSE;FALSE;ПНП;TRUE;832;1064;1896;61.747851;30.666912;86610000;86610000054;2,56;33,9;2,24;2,22;;19,30;25,14;19,62;3,16;38,47;0,00;1,05;1,0;;;;;23,08;1,0;1,0;18,5;-10,2;0,5;0,5;0,0;0,5;0,0;0,0;0,5;0,0;0,5;0,5;0,5;2,0;3,0;97,0;82,8;0,0;3,8;3,0;65,5;4,0;51,0;0,01;1,6;1,9;0,0;1071,6;0,6;1,0;16,48;0,0;0,8;1,0;31,2;79,8;6,7;7257,6;168,7;14,2;8,4;1,1;0,00;0,00;0,00;0,00;0,00;0,00;0,00;;;;;;;;
Республика Саха (Якутия);Мирнинский муниципальный район;Городское поселение Поселок Чернышевский;пгт Чернышевский;пгт Чернышевский (Республика Саха (Якутия));пгт;FALSE;FALSE;ПНП;FALSE;1714;1768;3482;63.015747;112.464429;98631000;98631162051;5,43;13,9;;4,45;3,97;46,63;33,33;0,00;35,90;27,92;0,00;0,86;1,0;0,29;0,86;0,29;4,31;2,56;0,0;0,0;7,8;2,7;0,9;1,4;0,3;0,0;0,3;0,0;0,3;0,3;0,6;2,0;0,0;0,0;25,0;91,0;75,0;1,5;3,8;3,1;62,7;3,9;56,5;0,01;93,6;63,7;1,0;81,9;0,6;0,2;19,23;0,0;19,0;1,0;16,1;1047,1;12,9;66,7;16,4;9,2;1,7;0,3;0,00;0,00;0,00;;;;;;;;;;;;
Республика Коми;Муниципальный район Печора;Городское поселение Кожва;пгт Кожва;пгт Кожва (Республика Коми);пгт;FALSE;FALSE;ПНП;TRUE;817;988;1805;65.10691194;57.0459183;87620000;87620103051;3,84;27,9;2,46;2,81;;50,86;57,32;0,00;8,86;;1,11;8,86;1,0;0,55;0,55;0,55;8,31;1,71;0,0;0,0;17,8;-9,8;0,6;0,6;0,0;0,0;0,0;0,0;0,6;0,0;0,6;2,2;;;;100,0;3,9;1,1;4,0;3,4;65,4;4,3;40,3;0,01;1,2;6,5;0,0;5135,8;0,5;0,8;2,56;0,0;7,5;1,0;6,8;17,6;36,9;6741,4;1883,5;30,7;8,9;1,1;0,00;0,00;0,00;0,00;0,00;0,00;;2,7;3,6;3,6;3,4;3,3;3,8;1,0;0,3
Республика Коми;Муниципальный район Сысольский;Сельское поселение Визинга;село Визинга;село Визинга (Республика Коми);село;FALSE;FALSE;ОНП;FALSE;2846;3507;6353;61.0767565;50.0903728;87632000;87632410101;2,32;46,8;1,83;2,36;;60,64;16,98;2,26;0,16;28,08;0,47;3,62;1,0;0,94;1,73;0,79;20,93;25;0,0;0,0;19,2;-8,8;2,5;0,9;0,0;0,2;0,0;0,2;0,2;0,0;0,2;1,3;;;;81,1;53,0;0,5;3,8;3,4;66,9;4,4;54,0;0,01;24,0;3,2;0,0;964,0;0,5;1,4;15,56;1,0;0,7;1,0;0,8;21,1;14,4;267,9;4,6;82,2;2,4;0,8;0,00;0,00;0,00;0,00;0,00;0,00;;;;;;;;;
Республика Коми;Муниципальный район Удорский;Городское поселение Благоево;пгт Благоево;пгт Благоево (Республика Коми);пгт;FALSE;TRUE;ПНП;FALSE;857;1061;1918;63.4227201;47.95721918;87640000;87640152051;2,40;44,5;2,35;2,30;;25,33;0,00;1,01;25,03;46,51;0,00;1,56;1,0;0,52;0,00;0,52;6,26;4,12;0,0;0,0;15,4;-7,5;4,2;1,0;0,0;0,5;0,0;0,0;0,5;0,0;0,5;1,0;0,0;;;;8,8;0,9;3,8;3,3;64,5;3,9;56,1;0,01;2,5;9,6;0,0;280,2;0,5;0,2;3,09;0,0;0,4;1,0;2,0;3,0;22,5;120,7;-14,4;23,8;3,1;1,0;0,00;0,00;0,00;0,00;0,00;0,00;;;;;;;;;
Красноярский край;Таймырский Долгано-Ненецкий муниципальный район;Сельское поселение Хатанга;село Хатанга;село Хатанга (Красноярский край);село;TRUE;TRUE;ПНП;FALSE;;;2645;71.9802545;102.47615869;04653000;04653419101;5,65;8,7;5,18;5,99;3,81;49,80;9,38;0,00;10,21;20,97;0,76;0,76;1,0;0,76;1,51;0,76;11,72;5;1,0;1,0;10,4;1,9;0,8;1,9;0,0;0,0;1,5;0,0;0,4;0,0;0,8;1,1;0,0;0,0;20,0;63,9;77,2;3,7;3,5;3,3;53,1;4,0;49,1;0,02;80,0;21,9;0,5;964,8;0,5;0,4;5;1,0;138,0;0,0;61,8;13085,3;4,5;226,8;1,8;40,5;6,0;0,0;0,00;0,00;0,00;;115,69;79,04;4,28;;;;;;;;
Архангельская область;Котласский муниципальный район;Городское поселение Приводинское;рп Приводино;рп Приводино (Архангельская область);рп;FALSE;FALSE;ПНП;TRUE;1579;1582;3161;61.080735;46.501669;11527000;11527000052;3,30;41,4;2,22;2,72;2,63;28,06;14,81;0,35;9,49;36,04;0,00;1,90;0,5;0,00;0,32;0,00;5,38;0;0,0;0,0;16,8;-11,3;1,3;1,6;0,0;0,0;0,3;0,0;0,3;0,0;0,3;1,3;14495,7;0,0;0,0;57,0;75,0;0,3;3,8;3,4;72,5;4,5;64,9;0,05;71,9;2,5;0,0;88547,8;0,5;7,5;20;1,0;2,7;1,0;0,9;4,1;4,2;36,7;-2,8;17,5;2,5;1,6;0,00;0,00;0,00;0,00;0,00;0,00;0,00;;;;;;;;
Республика Саха (Якутия);Верхнеколымский муниципальный район;Городское поселение Поселок Зырянка;пгт Зырянка;пгт Зырянка (Республика Саха (Якутия));пгт;TRUE;FALSE;ОНП;FALSE;1183;1338;2521;65.734019;150.895285;98615000;98615151051;3,70;44,9;2,97;5,41;2,95;54,26;78,31;3,56;72,99;30,39;0,00;0,40;1,0;0,40;1,59;0,79;15,07;33,33;1,0;0,0;12,5;-2,6;0,4;0,8;0,0;0,0;0,0;0,0;0,8;0,4;0,4;0,4;0,4;0,0;90,0;100,0;100,0;0,0;3,3;3,2;26,0;3,5;9,6;;63,0;6,3;0,0;1174,0;0,4;0,4;0;1,0;0,8;1,0;0,6;102,3;15,1;1100,3;122,2;38,8;13,5;0,0;0,00;0,00;0,00;0,00;9,12;259,42;0,00;;;;;;;;
Ханты-Мансийский автономный округ - Югра;Нефтеюганский муниципальный район;Сельское поселение Салым;посёлок Салым;посёлок Салым (Ханты-Мансийский автономный округ - Югра);поселок;FALSE;FALSE;0;FALSE;3807;3912;7719;60.069499;71.470325;71818000;71818405101;4,65;12,3;3,21;3,96;3,18;23,76;13,75;0,76;6,61;13,80;0,39;0,91;1,0;0,49;0,65;0,39;8,55;0;1,0;0,0;5,7;2,7;1,6;0,1;0,0;0,1;0,0;0,0;0,3;0,0;0,1;2,1;0,0;100,0;75,8;81,0;81,4;0,2;4,1;3,5;65,8;4,1;63,6;0,01;87,6;76,2;0,0;105,1;0,4;0,2;6,25;0,0;164,0;1,0;27,5;24,8;1,4;235,2;12,8;57,8;3,0;0,8;0,00;0,00;0,00;0,00;0,00;0,00;0,00;;;;;;;;
Чукотский автономный округ;Анадырский муниципальный район;Городское поселение пгт Беринговский;пгт Беринговский;пгт Беринговский (Чукотский автономный округ);пгт;TRUE;TRUE;0;FALSE;551;553;1104;63.061739;179.256137;77603000;77603159051;3,95;13,7;3,89;4,54;4,14;32,73;9,09;0,00;18,12;43,88;0,00;0,00;1,0;0,91;0,91;0,00;16,30;24,51;1,0;0,0;13,4;-3,0;0,9;1,8;0,9;0,0;0,9;0,0;1,8;0,0;0,9;1,8;683,9;;0,0;70,0;92,3;2,6;3,0;3,0;55,8;3,9;37,7;0,02;94,7;21,7;0,0;5913,9;0,4;1,0;7,84;0,0;7,4;0,0;68,6;213,6;14,5;8712,0;2882,4;18,2;7,2;0,0;0,00;0,00;0,00;0,00;22,64;;;;;;;;;;
Красноярский край;Мотыгинский муниципальный район;Городское поселение поселок Мотыгино;пгт Мотыгино;пгт Мотыгино (Красноярский край);пгт;FALSE;FALSE;ОНП;FALSE;2174;2376;4550;58.18316557;94.693225;04635000;04635151051;3,62;18;2,24;2,92;2,02;81,56;40,82;0,00;7,03;29,55;0,22;2,42;1,0;0,44;1,10;0,44;14,29;7,49;1,0;0,0;15,5;-3,8;0,9;0,7;0,0;0,0;0,2;0,0;0,4;0,2;0,2;0,7;0,0;0,0;0,0;66,9;86,0;0,0;3,4;3,5;61,9;2,7;58,7;0,01;10,2;15,2;0,0;994,5;0,4;0,0;7,05;1,0;15,0;0,0;1,2;1274,5;;583,3;20,7;;2,6;0,7;0,00;0,00;0,00;;;;;;;;;;;;
Красноярский край;Богучанский муниципальный район;Сельское поселение Таежнинский сельсовет;поселок Таежный;поселок Таежный (Красноярский край);поселок;FALSE;FALSE;ПНП;FALSE;3345;3372;6717;58.0736215;97.31178943;04609000;04609430101;3,23;26,8;2,21;3,47;;35,43;1,75;4,06;1,64;25,35;0,15;2,38;1,0;0,30;0,60;0,00;3,42;11,76;0,0;0,0;13,6;-4,4;1,2;0,6;0,4;0,0;0,3;0,0;0,1;0,0;0,1;0,4;0,0;0,0;100,0;100,0;65,4;2,1;3,1;3,0;61,2;;;0,00;64,7;2,7;0,0;926,1;0,4;0,4;11,76;0,0;5,2;1,0;153,9;108,8;;176,5;-27,5;;4,3;1,2;1,00;1,00;1,00;;;0,00;0,00;;;;;;;;
Мурманская область;Терский муниципальный район;Городское поселение Умба;пгт Умба;пгт Умба (Мурманская область);пгт;TRUE;FALSE;ОНП;FALSE;1839;2282;4121;66.68485;34.34391;47620000;47620151051;3,20;37,4;2,78;3,15;2,90;36,16;31,79;0,40;31,30;33,11;0,24;0,49;1,0;0,49;0,73;0,49;5,34;6,43;1,0;1,0;22,3;-16,3;0,5;0,0;0,0;0,0;0,2;0,0;0,7;0,0;0,5;1,2;0,0;0,0;4,9;100,0;86,7;0,0;3,8;3,6;67,1;4,1;54,5;0,01;47,5;4,5;1,0;1756,9;0,4;3,9;7,71;1,0;0,9;1,0;5,3;36,7;40,9;35,7;-5,8;28,0;6,6;2,2;1,00;1,00;1,00;0,24;0,00;0,00;0,00;;;;;;;;
Красноярский край;Эвенкийский муниципальный район;Сельское поселение поселок Тура;поселок Тура;поселок Тура (Красноярский край);поселок;TRUE;FALSE;ОНП;FALSE;2109;2331;4440;64.27428747;100.2108469;04650000;04650402101;4,69;11,3;4,88;5,31;3,94;;43,48;1,04;12,61;25,20;0,00;1,58;1,0;0,90;1,58;0,90;18,24;0;1,0;1,0;12,6;2,0;0,2;1,4;0,0;0,0;0,2;0,0;0,5;0,0;0,2;1,4;0,0;0,0;44,3;91,1;71,7;0,5;3,5;3,5;57,6;3,8;42,3;0,01;65,8;34,9;0,0;449,6;0,3;2,9;0;1,0;212,5;0,0;13,7;76,7;7,5;830,2;73,2;161,2;3,4;0,0;0,00;0,00;0,00;0,00;18,69;717,07;3,72;;;;;;;;
Архангельская область;Коношский муниципальный район;Городское поселение Коношское;рп Коноша;рп Коноша (Архангельская область);рп;FALSE;FALSE;ОНП;FALSE;4739;5731;10470;60.973192;40.256105;11622000;11622151051;2,54;41,6;2,37;2,56;2,49;15,29;13,56;0,75;24,45;32,33;0,10;2,48;1,0;0,57;0,96;0,48;8,02;21,83;1,0;1,0;19,5;-11,7;0,19;0,7;0,0;0,2;0,2;0,1;0,3;0,0;0,2;0,9;618,9;1,0;60,0;100,0;92,9;0,8;4,0;3,5;67,3;4,0;50,4;0,01;66,8;1,2;0,0;772,9;0,3;0,8;3,24;0,0;0,1;1,0;2,0;14,2;1,1;130,8;5,1;19,8;3,0;1,6;0,00;0,00;0,00;0,00;0,00;0,00;0,00;;;;;;;;
Республика Саха (Якутия);Усть-Майский муниципальный район;Городское поселение Поселок Эльдикан;пгт Эльдикан;пгт Эльдикан (Республика Саха (Якутия));пгт;FALSE;TRUE;ОНП;FALSE;514;566;1080;60.774946;135.152039;98654000;98654164051;3,98;16,9;2,23;2,76;2,53;50,87;6,67;0,00;;28,89;0,00;0,00;1,0;0,93;1,85;0,93;5,56;0;1,0;0,0;11,1;-3,0;0,0;0,0;0,0;0,0;0,0;0,0;0,9;0,0;0,9;0,0;0,0;0,0;0,0;50,0;100,0;0,0;3,3;2,9;70,2;3,3;37,4;0,02;63,3;8,1;0,0;989,9;0,3;1,1;0;0,0;5,9;0,0;5,0;394,6;9,6;29,5;11,1;1,8;2,8;0,0;0,00;0,00;0,00;0,00;0,00;0,00;0,00;;;;;;;;
Республика Карелия;Сортавальский муниципальный район;Вяртсильское городское поселение;пгт Вяртсиля;пгт Вяртсиля (Республика Карелия);пгт;FALSE;FALSE;ПНП;FALSE;900;1204;2104;62.175344;30.692023;86610000;86610000052;2,56;33,9;2,24;2,22;;27,99;10,53;2,69;7,60;31,04;0,48;1,90;1,0;;;;;3,17;0,0;0,0;18,5;-10,2;3,3;0,5;0,0;1,4;0,5;0,0;0,5;0,0;0,0;1,0;1045,6;0,0;50,0;73,0;100,0;0,0;3,6;3,0;73,2;4,0;58,0;0,01;1,5;1,9;0,0;240,5;0,3;1,2;8,73;0,0;0,8;1,0;31,2;79,8;7,6;60,8;5,6;24,8;7,1;1,0;0,00;0,00;0,00;;;0,00;0,00;;;;;;;;
Ханты-Мансийский автономный округ - Югра;Городской округ Мегион;Городской округ Мегион;пгт Высокий;пгт Высокий (Ханты-Мансийский автономный округ - Югра);пгт;FALSE;FALSE;0;TRUE;3102;3435;6537;61.155933;75.980865;71873000;71873000056;4,15;25,4;2,63;3,37;3,62;;23,47;18,99;64,40;18,58;0,15;1,68;1,0;0,00;0,61;0,00;2,91;4,66;0,0;0,0;8,0;2,2;1,1;0,8;0,2;0,0;0,2;0,2;0,2;0,2;0,3;0,0;12807,6;18,0;33,3;81,4;64,8;0,0;4,0;3,4;64,5;4,0;55,9;0,01;80,2;5,3;1,0;710,8;0,3;4,5;4,66;0,0;18,9;1,0;316,6;198,7;3,3;1988,7;-343,9;27,7;3,4;0,5;0,00;0,00;0,00;0,15;0,00;0,00;0,00;;;;;;;;
Республика Коми;Муниципальный район Удорский;Городское поселение Усогорск;пгт Усогорск;пгт Усогорск (Республика Коми);пгт;FALSE;TRUE;ОНП;FALSE;2227;2709;4936;63.4314199;48.708808;87640000;87640155051;2,40;44,5;2,23;2,39;;23,28;0,00;0,30;2,23;42,18;0,20;1,22;1,0;0,41;0,81;0,61;15,40;5,56;1,0;0,0;15,4;-7,5;1,4;0,8;0,0;0,0;0,0;0,0;0,2;0,0;0,4;1,4;24,3;;;60,6;31,7;2,7;3,7;3,3;60,2;4,0;54,9;0,01;28,9;9,6;0,0;1335,4;0,3;1,9;7,41;1,0;0,4;1,0;2,0;3,0;12,3;149,3;-3,0;66,3;2,6;1,2;0,00;0,00;0,00;0,00;0,00;0,00;;;;;;;;;
Ханты-Мансийский автономный округ - Югра;Нефтеюганский муниципальный район;Сельское поселение Сингапай;посёлок Сингапай;посёлок Сингапай (Ханты-Мансийский автономный округ - Югра);поселок;FALSE;FALSE;0;TRUE;2424;2209;4633;61.154226;72.643549;71818000;71818410101;4,65;12,3;3,37;4,08;3,25;29,29;30,61;4,74;15,97;21,81;0,22;0,43;1,0;0,22;0,27;0,22;1,51;3,85;0,0;0,0;5,7;2,7;1,9;0,4;0,0;0,2;0,2;0,0;0,2;0,0;0,2;0,9;0,0;100,0;75,8;58,0;84,5;0,0;4,1;3,6;65,1;4,4;60,3;0,01;87,6;76,2;0,0;201,2;0,3;3,2;3,85;0,0;164,0;1,0;27,5;24,8;0,3;46641,2;6019,5;106,7;4,3;0,9;0,00;0,00;0,00;0,00;0,00;0,00;0,00;;;;;;;;
Мурманская область;Кольский муниципальный район;Городское поселение Молочный;пгт Молочный;пгт Молочный (Мурманская область);пгт;TRUE;FALSE;0;TRUE;1906;2288;4194;68.852707;33.017532;47605000;47605161051;4,27;9,20;2,73;3,17;3,02;48,03;20,00;0,23;0,95;5,65;0,00;0,72;1,0;0,24;0,48;0,48;2,15;14,15;0,0;0,0;15,6;-7,8;1,2;0,7;0,0;0,0;0,2;0,0;0,5;0,0;0,2;0,5;;;;;;0,0;3,7;3,5;58,8;4,0;49,3;0,01;7,1;15,4;1,0;2890,9;0,3;12,2;10,38;0,0;82,4;1,0;13,2;156,7;11,2;14167,4;1623,0;30,0;4,3;1,4;1,00;1,00;1,00;0,00;0,00;0,00;0,00;;;;;;;;
Республика Коми;Муниципальный район Троицко-Печорский;Городское поселение Троицко-Печорск;пгт Троицко-Печорск;пгт Троицко-Печорск (Республика Коми);пгт;FALSE;TRUE;ОНП;FALSE;2756;3296;6052;62.7122398;56.18836942;87636000;87636151051;2,34;72,6;2,04;2,45;;49,22;20,00;0,80;;;0,00;2,64;1,0;0,66;0,99;0,17;16,36;4;1,0;0,0;22,1;-15,0;1,2;0,7;0,0;0,2;0,2;0,0;0,3;0,0;0,2;0,7;;0,0;;78,2;47,8;1,6;3,7;3,3;68,3;4,1;60,5;0,01;42,5;5,4;0,0;938,6;0,2;0,1;7,05;1,0;0,5;1,0;39,1;5,3;16,7;134,6;-109,6;99,0;3,6;1,3;0,00;0,00;0,00;0,00;0,00;0,00;;2,9;3,0;3,4;2,9;3,5;3,7;1,0;0,1
Красноярский край;Мотыгинский муниципальный район;Городское поселение поселок Раздолинск;пгт Раздолинск;пгт Раздолинск (Красноярский край);пгт;FALSE;FALSE;ПНП;FALSE;1131;1193;2324;58.4166914;94.6201418;04635000;04635154051;3,62;18;2,24;2,92;2,02;42,07;12,50;0,00;5,16;27,54;0,00;1,29;1,0;0,43;0,43;0,43;4,30;18,18;0,0;0,0;15,5;-3,8;0,9;0,9;0,0;0,0;0,9;0,0;0,4;0,0;0,4;0,0;0,0;;;60,6;87,9;1,4;4,0;3,6;74,7;4,3;56,8;0,01;8,1;15,2;0,0;2204,4;0,2;0,8;0;0,0;15,0;0,0;1,2;1274,5;;133,6;19,6;;4,7;1,3;0,00;0,00;0,00;;;0,00;0,00;;;;;;;;
Мурманская область;Печенгский муниципальный округ;Печенгский муниципальный округ;пгт Никель;пгт Никель (Мурманская область);пгт;TRUE;FALSE;ПНП;TRUE;4543;5315;9858;69.410835;30.214269;47515000;47515000051;3,80;14,8;3,04;3,48;2,85;39,96;0,76;0,00;2,03;33,10;0,00;0,81;1,0;0,51;0,91;0,51;8,93;5,74;1,0;1,0;10,6;-1,2;0,9;0,1;0,1;0,1;0,1;0,0;0,3;0,0;0,1;0,8;855,4;;60,0;100,0;76,9;0,5;;;64,0;4,0;59,5;0,01;30,1;20,4;1,0;5633,0;0,2;22,2;4,78;1,0;7,0;1,0;22,2;60,8;13,6;113,3;12,3;89,7;2,6;1,5;1,00;1,00;1,00;0,00;0,00;0,00;0,00;1,8;2,4;3,1;2,5;2,9;3,8;0,8;0,1
Республика Коми;Муниципальный район Корткеросский;Сельское поселение Корткерос;село Корткерос;село Корткерос (Республика Коми);село;FALSE;FALSE;ОНП;TRUE;2176;2534;4710;61.81568872;51.563076;87616000;87616430101;2,26;50,1;1,91;2,48;;19,81;23,91;5,23;1,06;28,11;0,00;2,97;1,0;0,85;1,70;0,42;24,42;0;0,0;0,0;17,9;-5,7;1,3;0,6;0,0;0,2;0,0;0,0;0,2;0,0;0,2;1,1;;;;84,6;27,2;0,0;3,7;3,5;62,5;4,2;57,4;0,01;59,9;1,5;0,0;723,8;0,2;21,8;3,64;0,0;0,5;1,0;1,5;8,2;11,1;290,1;5,1;96,0;2,5;1,3;0,00;0,00;0,00;0,00;0,00;0,00;;2,8;2,5;3,0;2,8;3,2;3,6;0,7;0,4
Республика Коми;Муниципальный район Ижемский;Сельское поселение Ижма;село Ижма;село Ижма (Республика Коми);село;FALSE;TRUE;ОНП;FALSE;1883;2034;3917;65.0101065;53.91321601;87604000;87604420101;2,73;45,9;2,70;3,16;;48,20;19,15;1,73;0,26;27,83;0,00;3,57;1,0;1,02;1,53;0,77;27,32;4,55;1,0;0,0;17,2;-3,0;1,0;1,0;0,0;0,0;0,3;0,3;0,5;0,0;0,3;1,0;;;;79,8;22,4;0,0;3,6;3,5;64,7;3,0;62,2;0,01;64,3;3,4;0,0;480,6;0,2;0,1;8,18;1,0;0,7;1,0;1,0;4,7;17,9;92,3;6,0;50,3;3,6;1,3;0,00;0,00;0,00;0,00;0,00;;;2,1;2,4;3,3;2,7;3,0;3,6;0,9;0,2
Мурманская область;Городской округ поселок Видяево (ЗАТО);Городской округ поселок Видяево (ЗАТО);населенный пункт Видяево;населенный пункт Видяево (Мурманская область);поселок;TRUE;FALSE;0;FALSE;2188;2139;4327;69.319502;32.799553;47735000;47735000101;2,76;;2,85;3,13;2,71;25,71;2,33;0,00;172,41;31,19;0,23;0,23;1,0;0,46;0,69;0,23;3,70;11,26;0,0;0,0;3,6;7,3;0,9;0,2;0,2;0,0;0,2;0,0;0,2;0,0;0,2;0,5;0,0;;100,0;80,0;76,5;0,0;3,8;3,8;65,3;4,3;59,7;0,01;66,3;6,6;1,0;1658,9;0,2;6,7;6,62;1,0;;1,0;0,2;;5,3;2477,5;1011,4;103,2;1,4;1,2;1,00;1,00;1,00;0,00;0,00;0,00;0,00;2,8;2,9;2,9;2,4;3,0;3,6;0,9;0,3
Республика Коми;Муниципальный район Усть-Куломский;Сельское поселение Усть-Кулом;село Усть-Кулом;село Усть-Кулом (Республика Коми);село;FALSE;FALSE;ОНП;FALSE;2338;2739;5077;61.6875755;53.68792973;87648000;87648485101;2,29;50,6;2,12;2,68;;15,00;42,22;3,20;0,00;;0,00;5,32;1,0;0,98;1,18;0,79;20,48;19,34;1,0;0,0;17,6;-5,6;0,4;0,4;0,0;0,2;0,2;0,0;0,4;0,0;0,2;1,6;;;0,0;77,5;20,4;0,0;3,9;3,4;71,4;4,5;62,2;0,01;34,5;2,5;0,0;737,6;0,2;0,6;3,87;1,0;0,6;1,0;2,3;8,1;18,6;290,6;70,5;58,7;3,9;1,0;0,00;0,00;0,00;0,00;0,00;0,00;;;;;;;;;
Республика Коми;Городской округ Сыктывкар;Городской округ Сыктывкар;пгт Седкыркещ;пгт Седкыркещ (Республика Коми);пгт;FALSE;FALSE;0;TRUE;622;713;1335;61.72476955;50.95511826;87701000;87701000066;3,08;26,6;2,21;2,41;;39,99;50,00;0,59;;;0,75;4,49;0,5;0,75;0,75;0,00;3,75;5,49;0,0;0,0;12,1;-2,7;0,7;0,0;0,0;0,7;0,0;0,0;0,7;0,0;0,7;0,0;0,0;0,0;;;0,2;0,0;3,3;3,1;;;;0,01;;6,5;0,0;366,3;0,2;0,1;9,89;0,0;3,2;0,0;19,1;156,7;14,5;83099,1;5644,7;1,0;2,2;0,0;0,00;0,00;0,00;0,00;0,00;0,00;0,00;;;;;;;;
Мурманская область;Печенгский муниципальный округ;Печенгский муниципальный округ;пгт Печенга;пгт Печенга (Мурманская область);пгт;TRUE;FALSE;ПНП;FALSE;1381;825;2206;69.546179;31.209883;47515000;47515000056;3,80;14,8;2,96;3,58;2,85;31,33;0,00;0,00;4,99;15,79;0,00;0,00;1,0;0,00;0,91;0,00;3,17;6,77;1,0;1,0;10,6;-1,2;1,8;0,5;0,0;0,0;0,5;0,0;0,5;0,0;0,5;0,0;;;60,0;83,0;76,9;0,0;3,4;4,0;68,3;4,6;62,9;0,01;5,9;20,4;1,0;572,8;0,2;0,0;5,01;0,0;7,0;1,0;22,2;60,8;3,2;73,0;3,5;138,5;0,9;1,4;1,00;1,00;1,00;0,00;0,00;0,00;0,00;;;;;;;;
Ханты-Мансийский автономный округ - Югра;Октябрьский муниципальный район;Городское поселение Приобье;пгт Приобье;пгт Приобье (Ханты-Мансийский автономный округ - Югра);пгт;FALSE;TRUE;0;FALSE;3706;3844;7550;62.544123;65.62737;71821000;71821156051;4,56;21,9;2,96;3,64;3,05;46,11;51,22;0,60;4,90;36,11;0,26;1,46;1,0;0,53;0,66;0,53;12,45;0;1,0;0,0;12,1;-1,9;1,5;1,2;0,3;0,0;0,4;0,0;0,1;0,1;0,1;0,9;1803,2;0,0;100,0;100,0;75,8;0,0;3,9;3,3;64,3;4,1;47,6;0,01;92,8;44,6;0,0;945,0;0,2;10,1;3,73;1,0;24,0;1,0;5,9;21,2;15,3;390,5;11,3;31,7;4,6;1,2;0,00;0,00;0,00;0,00;0,00;16,23;0,13;3,0;3,4;3,9;3,8;4,0;3,8;1,0;0,4
Ханты-Мансийский автономный округ - Югра;Советский муниципальный район;Городское поселение Малиновский;пгт Малиновский;пгт Малиновский (Ханты-Мансийский автономный округ - Югра);пгт;FALSE;FALSE;0;TRUE;1003;1199;2202;61.19462;62.802757;71824000;71824158051;3,66;32,5;3,10;3,79;2,53;;11,90;3,81;69,48;29,53;0,00;0,91;1,0;0,00;0,45;0,00;0,45;0;0,0;0,0;12,5;-2,8;0,5;0,9;0,5;0,0;0,0;0,0;0,5;0,0;0,5;0,9;1628,1;0,0;15,0;62,0;95,2;1,6;4,0;3,3;62,2;3,8;53,5;0,01;84,7;9,3;0,0;193,0;0,1;0,0;5,88;0,0;10,2;1,0;11,1;23,0;15,4;336,7;48,1;2,8;2,7;0,9;0,00;0,00;0,00;0,00;0,00;0,00;0,00;3,4;3,6;3,5;3,4;3,5;3,9;1,0;0,3
Мурманская область;Ловозерский муниципальный район;Городское поселение Ревда;пгт Ревда;пгт Ревда (Мурманская область);пгт;TRUE;FALSE;ОНП;FALSE;3161;3233;6394;67.942267;34.553781;47610000;47610154051;2,70;12,8;2,84;3,56;3,05;13,08;1,96;0,00;0,00;24,96;0,16;1,41;1,0;0,47;0,78;0,16;6,88;4,79;0,0;0,0;16,0;-9,2;0,5;0,2;0,0;0,2;0,2;0,2;0,3;0,0;0,2;0,6;;;;;;0,6;3,6;3,5;64,7;4,2;57,1;0,01;50,5;4,6;1,0;1647,2;0,1;5,4;19,17;0,0;0,4;1,0;3,8;13,7;25,9;448,8;15,5;93,0;3,1;1,6;1,00;1,00;1,00;0,16;0,00;;;2,3;2,3;2,3;2,6;3,2;3,5;0,7;0,3
Ханты-Мансийский автономный округ - Югра;Советский муниципальный район;Городское поселение Пионерский;пгт Пионерский;пгт Пионерский (Ханты-Мансийский автономный округ - Югра);пгт;FALSE;FALSE;0;TRUE;1966;2301;4267;61.198964;62.858069;71824000;71824157051;3,66;32,5;2,98;3,40;2,75;;15,76;4,03;83,20;28,45;0,00;3,28;1,0;1,64;3,28;1,17;48,04;4;0,0;0,0;12,5;-2,8;1,2;0,9;0,0;0,2;0,5;0,2;0,2;0,0;0,2;0,7;2390,4;0,0;20,0;100,0;78,3;0,8;3,9;3,4;65,7;4,1;57,6;0,01;85,0;9,3;0,0;239,2;0,1;0,2;14;1,0;10,2;1,0;11,1;23,0;24,6;172,9;24,8;29,3;5,4;1,2;0,00;0,00;0,00;0,00;0,00;0,00;0,00;2,9;3,3;3,2;3,1;3,2;3,6;0,9;0,4
Республика Коми;Муниципальный район Прилузский;Сельское поселение Объячево;село Объячево;село Объячево (Республика Коми);село;FALSE;FALSE;ОНП;FALSE;2559;3058;5617;60.3360426;49.61267778;87624000;87624445101;2,40;43;1,83;2,52;;48,23;5,61;2,04;1,78;;0,00;3,38;1,0;0,89;1,42;0,53;19,58;4,26;1,0;0,0;18,3;-8,3;2,0;0,7;0,0;0,4;0,4;0,2;0,2;0,0;0,2;1,4;890,2;0,0;25,0;90,0;37,7;0,7;3,7;3,4;62,2;4,1;53,5;0,01;37,3;2,5;0,0;462,8;0,1;2,0;10,64;1,0;1,0;1,0;1,9;7,5;26,0;191,4;49,2;66,0;2,0;1,4;0,00;0,00;0,00;0,00;0,00;0,00;0,00;;;;;;;;
Республика Коми;Городской округ Сыктывкар;Городской округ Сыктывкар;пгт Краснозатонский;пгт Краснозатонский (Республика Коми);пгт;FALSE;FALSE;0;TRUE;3372;4064;7436;61.67884948;50.9826987;87701000;87701000061;3,08;26,6;2,29;2,53;;32,15;59,04;5,57;;;0,00;6,19;1,0;0,54;1,21;0,40;5,65;1,52;0,0;0,0;12,1;-2,7;0,8;0,0;0,0;0,0;0,0;0,0;0,1;0,0;0,3;0,5;0,0;0,0;;;3,0;0,0;3,8;3,5;70,9;4,3;62,2;0,00;2,1;6,5;0,0;287,1;0,1;0,2;14,65;0,0;3,2;1,0;19,1;156,7;7,3;16783,3;1274,7;48,7;2,7;0,9;0,00;0,00;0,00;0,00;0,00;0,00;;3,0;3,2;3,8;3,5;3,8;3,7;1,0;0,2
Архангельская область;Котласский муниципальный район;Городское поселение Шипицынское;рп Шипицыно;рп Шипицыно (Архангельская область);рп;FALSE;FALSE;ОНП;TRUE;1588;1792;3380;61.280692;46.519085;11527000;11527000057;3,30;41,4;2,27;2,93;2,65;40,52;19,38;0,78;15,98;36,04;0,00;2,96;1,0;0,00;0,30;0,30;5,33;0;0,0;0,0;16,8;-11,3;1,8;0,3;0,0;0,0;0,3;0,0;0,6;0,0;0,3;0,0;1616,6;0,0;33,3;32,0;77,2;0,4;3,8;3,5;70,4;3,9;56,6;0,09;66,8;2,5;0,0;36,1;0,1;0,3;5,26;0,0;2,7;1,0;0,9;4,1;5,4;4938,5;264,4;9,2;3,8;1,8;0,00;0,00;0,00;;;;;1,5;2,0;3,0;1,6;2,5;3,3;0,8;0,3
Мурманская область;Кандалакшский муниципальный район;Сельское поселение Алакуртти;село Алакуртти;село Алакуртти (Мурманская область);село;TRUE;FALSE;ПНП;FALSE;3187;2346;5533;66.962969;30.34733;47608000;47608403101;3,10;27,7;3,06;3,51;3,17;12,32;0,00;0,00;0,90;25,04;0,00;0,72;1,0;0,18;0,72;0,36;1,45;1,95;0,0;0,0;20,7;-12,2;2,0;0,0;0,2;0,0;0,2;0,0;0,2;0,0;0,2;0,7;0,0;0,0;37,0;70,0;;0,9;3,8;3,5;69,3;4,3;48,6;0,01;12,1;10,1;0,0;1624,6;0,1;5,9;2,73;0,0;0,3;1,0;5,5;7,7;4,6;11,2;0,3;27,8;2,2;0,7;1,00;1,00;1,00;0,00;0,00;0,00;0,00;2,2;2,2;2,1;2,1;2,1;3,2;0,9;0,4
Республика Коми;Муниципальный район Удорский;Городское поселение Междуреченск;пгт Междуреченск;пгт Междуреченск (Республика Коми);пгт;FALSE;TRUE;ПНП;FALSE;501;566;1067;63.2225567;48.5677239;87640000;87640153051;2,40;44,5;2,10;2,51;;25,15;10,00;0,00;7,50;;0,00;0,00;1,0;0,94;0,00;0,00;3,75;7,14;0,0;0,0;15,4;-7,5;4,7;1,9;0,0;0,0;0,9;0,0;0,9;0,0;0,9;0,9;0,0;;;14,4;5,9;0,0;4,1;3,4;69,6;4,0;59,5;0,01;2,9;9,6;0,0;286,9;0,1;0,0;0;1,0;0,4;0,0;2,0;3,0;16,1;55,3;3,4;8,8;2,8;1,9;0,00;0,00;0,00;0,00;0,00;0,00;;2,9;2,6;3,0;2,6;3,3;3,3;0,8;0,3
Республика Коми;Муниципальный район Княжпогостский;Городское поселение Синдор;пгт Синдор;пгт Синдор (Республика Коми);пгт;FALSE;FALSE;ПНП;FALSE;1193;880;2073;62.8621888;51.888812;87608000;87608000056;3,09;31,9;1,88;2,83;;21,39;21,21;0,75;0,96;27,70;0,00;0,00;1,0;0,00;0,48;0,00;4,34;0;0,0;0,0;16,3;-7,4;2,9;1,9;0,0;0,5;0,5;0,0;0,0;0,0;0,5;0,5;710,1;;;83,3;11,3;5,6;4,1;3,5;60,3;3,6;40,8;0,01;5,5;10,6;0,0;128,7;0,1;0,0;21,05;0,0;6,0;1,0;3,8;55,2;4,4;45,2;1,2;69,2;1,9;1,4;0,00;0,00;0,00;0,00;0,00;0,00;;;;;;;;;
Мурманская область;Кандалакшский муниципальный район;Городское поселение Зеленоборский;пгт Зеленоборский;пгт Зеленоборский (Мурманская область);пгт;TRUE;FALSE;ПНП;FALSE;1639;2129;3768;66.847847;32.369812;47608000;47608158051;3,10;27,7;2,55;3,18;2,62;43,79;45,15;0,55;29,72;38,84;0,00;3,45;1,0;0,27;0,53;0,27;4,51;10,88;0,0;0,0;20,7;-12,2;0,8;0,0;0,0;0,0;0,3;0,0;0,5;0,0;0,8;0,5;132,7;0,0;28,0;95,0;;0,0;3,9;3,8;67,2;4,2;57,4;0,01;17,4;10,1;0,0;1236,8;0,1;4,4;4,66;1,0;0,3;1,0;5,5;7,7;22,3;118,6;3,6;12,5;4,5;1,3;1,00;1,00;1,00;0,00;0,00;0,00;0,00;3,5;3,3;3,6;3,5;3,7;3,6;0,9;0,2
Ханты-Мансийский автономный округ - Югра;Кондинский муниципальный район;Городское поселение Куминский;пгт Куминский;пгт Куминский (Ханты-Мансийский автономный округ - Югра);пгт;FALSE;FALSE;0;FALSE;1155;1349;2504;58.808337;65.973389;71816000;71816154051;3,93;29,9;2,97;3,64;2,28;54,53;33,33;1,04;7,59;24,57;0,00;2,00;1,0;0,40;0,00;0,40;6,79;1,56;1,0;0,0;13,8;-4,0;0,8;1,6;0,0;0,0;0,0;0,4;0,4;0,0;0,4;0,4;0,0;0,0;100,0;100,0;71,4;0,0;3,9;3,3;67,9;4,3;63,2;0,01;87,4;15,8;0,0;347,0;0,1;0,3;9,38;0,0;79,4;0,0;5,8;7,0;17,0;48,0;8,7;4,2;2,8;0,8;0,00;0,00;0,00;0,00;0,00;0,00;0,13;2,2;2,4;2,1;1,9;3,0;3,4;0,8;0,4
Мурманская область;Кольский муниципальный район;Городское поселение Кильдинстрой;пгт Кильдинстрой;пгт Кильдинстрой (Мурманская область);пгт;TRUE;FALSE;0;TRUE;1105;1139;2244;68.804368;33.1017;47605000;47605158051;4,27;9,20;2,88;3,17;2,94;38,33;0,00;0,00;6,68;46,67;0,00;2,23;1,0;0,00;0,45;0,00;2,23;5,26;0,0;0,0;15,6;-7,8;1,3;0,0;0,0;0,0;0,0;0,0;0,4;0,0;0,4;0,0;;;;;;0,0;3,6;3,3;;;;0,01;1,9;15,4;1,0;1544,8;0,1;5,7;7,89;0,0;82,4;1,0;13,2;156,7;21,6;6965,2;1027,9;126,5;4,9;1,3;1,00;1,00;1,00;0,00;0,00;0,00;0,00;;;;;;;;
Архангельская область;Ленский муниципальный район;Сафроновское сельское поселение;село Яренск;село Яренск (Архангельская область);село;FALSE;FALSE;ОНП;FALSE;1374;1752;3126;62.171324;49.090821;11635000;11635420101;3,38;33,4;2,58;3,05;2,44;32,26;15,63;2,55;23,35;39,10;0,00;2,24;1,0;0,64;1,28;0,64;12,16;22,69;0,0;0,0;17,8;-9,1;1,6;1,6;0,0;0,6;1,0;0,3;0,3;0,0;0,6;1,9;5758,2;100,0;66,7;70,0;93,7;0,6;4,2;3,6;77,7;4,4;55,0;0,01;44,1;5,2;0,0;50,5;0,1;0,1;10,92;0,0;1,6;1,0;1,9;6,8;20,2;92,3;10,9;36,3;8,3;1,9;0,00;0,00;0,00;0,00;0,00;0,00;0,00;;;;;;;;
Ханты-Мансийский автономный округ - Югра;Березовский муниципальный район;Городское поселение Игрим;пгт Игрим;пгт Игрим (Ханты-Мансийский автономный округ - Югра);пгт;TRUE;FALSE;0;FALSE;3398;3848;7246;63.193915;64.426327;71812000;71812154051;4,40;29,3;3,38;3,96;2,21;56,76;41,12;0,94;9,11;36,67;0,00;1,66;1,0;0,83;1,24;0,41;15,46;2,56;1,0;0,0;11,8;-1,4;0,4;1,4;0,1;0,0;0,0;0,1;0,3;0,0;0,3;0,6;1873,6;100,0;59,0;100,0;95,2;2,5;3,8;3,3;64,6;4,0;53,1;0,01;72,3;6,3;0,0;214,2;0,1;0,1;8,97;0,0;1,2;1,0;12,7;10,2;15,9;78,6;1,3;19,2;4,1;0,8;0,00;0,00;0,00;0,00;0,00;10,05;0,14;3,4;3,6;2,9;3,2;3,1;3,0;1,0;0,2
Ямало-Ненецкий автономный округ;Муниципальный округ Тазовский район;Муниципальный округ Тазовский район;поселок Тазовский;поселок Тазовский (Ямало-Ненецкий автономный округ);поселок;TRUE;TRUE;0;FALSE;4010;4431;8441;67.470141;78.708971;71943000;71943000101;5,45;6,6;4,28;5,03;5,92;31,28;48,36;6,24;34,36;19,63;0,00;1,66;1,0;0,71;1,07;0,95;20,14;4,1;1,0;1,0;7,8;12,5;1,7;1,7;0,2;0,0;0,5;0,1;0,4;0,0;0,4;2,0;692,7;100,0;100,0;100,0;81,0;2,7;3,8;3,3;61,4;3,8;50,7;0,02;96,7;131,4;1,0;279,6;0,1;0,4;10,6;1,0;912,8;1,0;7,9;60,4;13,7;1604,0;143,0;1319,2;5,0;1,2;0,00;0,00;0,00;0,00;66,70;;1,30;1,9;1,6;2,3;1,6;2,6;3,2;0,8;0,3
Ханты-Мансийский автономный округ - Югра;Октябрьский муниципальный район;Городское поселение Талинка;пгт Талинка;пгт Талинка (Ханты-Мансийский автономный округ - Югра);пгт;FALSE;TRUE;0;FALSE;1637;1696;3333;61.550831;66.448745;71821000;71821157051;4,56;21,9;2,69;3,45;3,23;61,02;56,52;1,27;9,00;26,11;0,00;0,00;1,0;0,00;0,60;0,60;5,10;1,67;1,0;0,0;12,1;-1,9;3,0;1,5;0,3;0,0;0,6;0,0;0,3;0,3;0,3;1,2;83,4;0,0;100,0;80,2;56,7;0,9;4,1;3,4;64,2;4,1;52,0;0,01;92,4;44,6;0,0;301,7;0,1;0,2;0;0,0;24,0;1,0;5,9;21,2;8,3;414,5;16,6;5,2;4,8;1,2;0,00;0,00;0,00;0,00;0,00;0,00;0,00;2,9;3,2;3,4;3,4;3,5;3,7;0,9;0,3
Архангельская область;Ленский муниципальный район;Городское поселение Урдомское;рп Урдома;рп Урдома (Архангельская область);рп;FALSE;FALSE;ОНП;FALSE;1923;2119;4042;61.754719;48.542898;11635000;11635157051;3,38;33,4;1,80;3,14;2,04;32,43;5,48;5,26;13,85;39,10;0,74;4,70;1,0;0,49;0,49;0,49;7,92;6,39;1,0;1,0;17,8;-9,1;1,7;1,7;0,2;0,0;0,2;0,0;0,2;0,0;0,2;2,0;0,0;0,0;0,0;70,0;88,6;0,2;3,9;3,6;67,9;4,3;56,1;0,01;62,1;5,2;0,0;57358,1;0,1;0,2;11,42;0,0;1,6;1,0;1,9;6,8;18,0;106,7;30,1;24,0;5,4;1,7;0,00;0,00;0,00;;;;;;;;;;;;
Ханты-Мансийский автономный округ - Югра;Советский муниципальный район;Городское поселение Агириш;пгт Агириш;пгт Агириш (Ханты-Мансийский автономный округ - Югра);пгт;FALSE;FALSE;0;FALSE;784;854;1638;61.92808;63.012697;71824000;71824152051;3,66;32,5;3,00;3,22;2,64;71,58;48,43;0,01;33,58;33,28;0,61;10,99;0,5;0,61;0,61;0,61;8,55;0;0,0;0,0;12,5;-2,8;0,6;1,2;0,0;0,6;2,4;0,6;0,6;0,0;0,6;0,6;534,2;0,0;10,0;79,0;71,8;0,0;3,8;3,4;68,1;4,5;61,8;0,01;86,0;9,3;0,0;88,0;0,1;0,0;6,25;1,0;10,2;1,0;11,1;23,0;21,1;88,7;-5,3;12,2;6,1;1,2;0,00;0,00;0,00;0,00;0,00;0,00;0,00;3,2;3,1;3,4;2,9;3,3;3,3;0,8;0,4
Республика Саха (Якутия);Мирнинский муниципальный район;Городское поселение Поселок Светлый;пгт Светлый;пгт Светлый (Республика Саха (Якутия));пгт;FALSE;FALSE;ПНП;FALSE;1562;1580;3142;63.050169;113.428388;98631000;98631157051;5,43;13,9;;4,10;3,73;77,08;51,28;0,00;4,14;171,50;0,00;0,32;1,0;0,32;1,27;0,00;6,37;3,33;0,0;0,0;7,8;2,7;0,0;0,3;0,3;0,0;0,3;0,0;0,3;0,0;0,3;1,3;321,5;0,0;30,0;90,0;71,0;0,0;3,8;3,1;61,0;3,8;32,8;0,01;72,0;63,7;1,0;483,8;0,1;0,0;5;0,0;19,0;1,0;16,1;1047,1;5,5;6,7;0,9;29,5;2,2;0,6;0,00;0,00;0,00;;;;;;;;;;;;
Республика Карелия;Муезерский муниципальный район;Муезерское городское поселение;пгт Муезерский;пгт Муезерский (Республика Карелия);пгт;FALSE;FALSE;ОНП;FALSE;1166;1438;2604;63.961563;31.998501;86627000;86627151051;2,20;56,3;2,44;2,36;1,74;39,29;11,27;0,39;4,99;55,89;0,00;0,77;0,0;0,38;0,38;0,38;8,83;11,23;1,0;0,0;24,9;-18,0;1,5;0,8;0,0;0,0;0,0;0,4;0,4;0,0;0,4;1,2;3377,1;0,0;71,0;86,0;71,0;2,0;2,8;2,6;58,2;2,8;48,0;0,00;74,5;0,1;0,0;272,3;0,0;0,0;8,02;1,0;0,1;1,0;1,3;4,6;10,2;157,7;1,9;39,8;6,5;1,2;0,00;0,00;0,00;0,00;0,00;0,00;0,00;3,1;2,9;3,7;3,3;3,3;3,5;0,9;0,3
Ямало-Ненецкий автономный округ;Муниципальный округ Приуральский район;Муниципальный округ Приуральский район;село Аксарка;село Аксарка (Ямало-Ненецкий автономный округ);село;TRUE;TRUE;0;FALSE;2078;2274;4352;66.55998;67.801242;71938000;71938000101;4,28;41;4,23;5,17;5,51;36,13;;3,25;34,93;28,50;0,00;1,84;1,0;0,69;2,07;1,15;25,97;15,5;1,0;0,0;8,8;8,5;0,0;0,5;0,0;0,0;0,5;0,2;0,5;0,0;0,2;0,7;2643,2;0,0;100,0;100,0;63,3;0,2;3,5;3,5;60,8;4,3;57,4;0,01;88,4;4,9;1,0;221,2;0,0;0,2;4,8;0,0;2,4;1,0;23,7;14,8;20,3;265,5;32,2;288,8;3,9;1,1;0,00;0,00;0,00;0,23;73,76;4,19;3,22;;;;;;;;
Чукотский автономный округ;Городской округ Провидения;Городской округ Провидения;пгт Провидения;пгт Провидения (Чукотский автономный округ);пгт;TRUE;TRUE;0;FALSE;1027;1113;2140;64.428694;-173.217673;77710000;77710000051;3,54;24,1;3,74;4,53;3,82;;;1,19;24,77;23,01;0,47;1,40;0,0;;;;;16,24;1,0;0,0;13,8;-3,9;0,5;2,8;0,5;0,0;0,5;0,0;1,9;0,0;1,9;4,2;0,0;0,0;0,0;7,6;82,7;0,0;4,4;4,4;67,4;4,4;41,6;0,02;92,5;1,4;1,0;97,3;0,0;0,4;5,08;0,0;0,3;0,0;5,3;7,7;27,7;142,3;-8,6;88,2;3,3;0,0;0,00;0,00;0,00;3,74;0,00;31,35;;;;;;;;;
Республика Карелия;Медвежьегорский муниципальный район;Повенецкое городское поселение;пгт Повенец;пгт Повенец (Республика Карелия);пгт;FALSE;FALSE;ПНП;TRUE;828;984;1812;62.848573;34.823774;86624000;86624160051;2,79;41,7;2,48;2,40;1,55;43,06;25,76;0,00;0,55;39,30;0,55;1,10;1,0;0,00;0,55;0,00;3,86;6,67;0,0;0,0;24,0;-16,1;1,1;1,1;0,0;0,6;0,6;0,0;0,6;0,6;0,6;0,6;14166,7;2,0;7,0;85,0;100,0;0,0;3,0;3,0;58,6;4,2;39,6;0,01;87,7;0,5;1,0;220,8;0,0;0,0;23,33;0,0;0,4;1,0;14,5;22,2;9,2;9,8;0,1;7,5;8,8;1,1;0,00;0,00;0,00;0,00;0,00;0,00;0,00;;;;;;;;
Республика Коми;Городской округ Ухта;Городской округ Ухта;пгт Шудаяг;пгт Шудаяг (Республика Коми);пгт;FALSE;FALSE;0;TRUE;1304;1658;2962;63.529527;53.6068137;87525000;87525000066;3,97;22,2;2,22;2,45;;22,54;8,11;0,51;;22,10;0,00;5,06;1,0;0,00;0,68;0,00;0,68;19,75;1,0;0,0;13,2;-4,7;1,7;0,3;0,0;0,0;0,0;0,0;0,3;0,0;0,7;0,3;;;;90,0;2,3;11,1;3,7;3,3;48,9;4,3;42,5;0,01;0,4;10,3;0,0;170,2;0,0;2,9;1,23;0,0;13,5;1,0;34,3;115,8;2,8;111000,1;3140,6;52,3;5,1;1,4;0,00;0,00;0,00;0,00;0,00;0,00;;;;;;;;;
Ханты-Мансийский автономный округ - Югра;Нефтеюганский муниципальный район;Городское поселение Пойковский;пгт Пойковский;пгт Пойковский (Ханты-Мансийский автономный округ - Югра);пгт;FALSE;FALSE;0;FALSE;11900;12540;24440;60.996037;71.904443;71818000;71818157051;4,65;12,3;3,15;3,68;2,76;25,26;44,96;3,01;15,43;15,19;0,00;1,96;1,0;0,57;0,74;0,41;10,27;7,58;1,0;0,0;5,7;2,7;0,3;0,3;0,0;0,0;0,1;0,0;0,1;0,0;0,0;1,0;550,5;100,0;75,8;92,8;84,7;0,0;4,2;3,5;71,3;4,4;61,3;0,01;87,9;76,2;1,0;291,0;0,0;0,5;9,95;0,0;164,0;1,0;27,5;24,8;0,8;918,1;29,4;218,5;2,2;0,7;0,00;0,00;0,00;0,00;0,00;0,00;0,00;2,7;2,6;2,5;2,5;2,8;3,5;0,8;0,1
Республика Коми;Городской округ Сыктывкар;Городской округ Сыктывкар;пгт Верхняя Максаковка;пгт Верхняя Максаковка (Республика Коми);пгт;FALSE;FALSE;0;TRUE;1733;2044;3777;61.63247869;50.967111522;87701000;87701000056;3,08;26,6;2,23;2,77;;27,72;34,31;9,38;;;0,26;2,91;1,0;0,26;0,53;0,53;2,12;7,53;0,0;0,0;12,1;-2,7;0,3;0,0;0,0;0,3;0,0;0,0;0,3;0,0;0,3;0,3;0,0;0,0;;;1,4;2,4;3,5;3,4;56,9;3,9;53,7;0,01;1,5;6,5;0,0;123,1;0,0;0,1;16,13;1,0;3,2;1,0;19,1;156,7;7,8;32687,1;2593,2;15,2;2,6;0,8;0,00;0,00;0,00;0,00;0,00;0,00;;;;;;;;;
Ханты-Мансийский автономный округ - Югра;Октябрьский муниципальный район;Городское поселение Андра;пгт Андра;пгт Андра (Ханты-Мансийский автономный округ - Югра);пгт;FALSE;TRUE;0;FALSE;1004;1011;2015;62.517451;65.881656;71821000;71821153051;4,56;21,9;2,79;3,75;2,99;41,45;8,51;0,45;0,99;26,32;0,50;0,50;1,0;0,50;0,50;0,50;1,99;1,33;1,0;0,0;12,1;-1,9;1,5;2,0;0,5;0,0;0,5;0,5;0,5;1,0;1,0;1,5;1689,3;0,0;100,0;96,4;75,5;0,0;4,2;3,5;75,9;4,4;61,5;0,01;92,0;44,6;0,0;82422,8;0,0;0,2;4;0,0;24,0;1,0;5,9;21,2;2,5;5,7;-2,2;7,2;8,4;1,5;0,00;0,00;0,00;0,00;0,00;0,00;0,00;;;;;;;;
Ханты-Мансийский автономный округ - Югра;Ханты-Мансийский муниципальный район;Сельское поселение Горноправдинск;посёлок Горноправдинск;посёлок Горноправдинск (Ханты-Мансийский автономный округ - Югра);поселок;FALSE;FALSE;0;FALSE;2203;2339;4542;60.060776;69.927953;71829000;71829406101;4,70;9,8;3,11;3,65;2,84;17,91;40,48;1,39;;26,10;0,00;2,20;1,0;1,32;1,54;0,44;18,93;2;1,0;0,0;10,7;-1,8;0,9;1,1;0,2;0,0;0,0;0,0;0,2;0,0;0,2;2,0;258,3;0,0;100,0;23,7;61,5;3,0;3,9;3,3;63,5;4,0;49,8;0,02;85,0;100,5;0,0;63,9;0,0;0,1;14;0,0;468,5;1,0;10,5;17,5;13,7;424,4;-1124,1;40,3;2,6;1,1;0,00;0,00;0,00;0,22;0,00;61,97;0,66;;;;;;;;
Ямало-Ненецкий автономный округ;Муниципальный округ Пуровский район;Муниципальный округ Пуровский район;поселок Ханымей;поселок Ханымей (Ямало-Ненецкий автономный округ);поселок;TRUE;TRUE;0;FALSE;1649;1788;3437;63.723857;75.96123;71940000;71940000136;5,81;5,8;4,30;5,08;5,00;28,75;23,17;0,68;95,14;;0,00;0,00;1,0;1,16;1,16;0,58;10,77;26,1;1,0;0,0;5,5;7,6;1,2;0,3;0,3;0,3;0,6;0,0;0,3;0,3;0,0;1,5;7135,0;;100,0;93,0;78,4;0,0;4,2;3,8;70,5;4,3;61,0;0,02;49,0;100,4;1,0;43,7;0,0;0,0;13,0;0,0;310,6;1,0;19,0;8588,1;2,8;106,9;0,7;8,3;4,1;1,2;0,00;0,00;0,00;0,00;0,00;;;;;;;;;;
Красноярский край;Северо-Енисейский муниципальный район;Северо-Енисейский муниципальный район;Северо-Енисейский гп;Северо-Енисейский гп (Красноярский край);пгт;FALSE;FALSE;ПНП;FALSE;3083;3084;6167;60.3789250;93.0363628;04649000;04649000051;5,92;6,1;3,05;4,06;4,14;31,52;3,09;1,11;10,05;26,04;0,00;1,78;1,0;0,81;1,30;0,65;13,78;6,33;1,0;0,0;12,5;-2,4;3,7;1,8;0,3;0,6;1,1;0,0;1,3;0,2;1,3;2,3;4524,1;10,0;4,6;100,0;79,0;1,3;3,5;3,4;59,2;3,9;51,5;0,01;93,9;228,5;0,5;1062,2;0,0;17,9;12,95;0,0;136,0;0,0;1177,9;22746,3;4,6;4623,6;1119,0;132,8;2,1;0,8;0,00;0,00;0,00;;;0,00;0,00;;;;;;;;
Мурманская область;Кольский муниципальный район;Городское поселение Верхнетуломский;пгт Верхнетуломский;пгт Верхнетуломский (Мурманская область);пгт;TRUE;FALSE;ОНП;FALSE;623;697;1320;68.607305;31.798575;47605000;47605154051;4,27;9,20;2,61;3,49;2,66;20,86;0,00;0,00;6,06;34,15;0,00;1,52;0,5;0,00;0,76;0,0;3,8;8,2;0,0;0,0;15,6;-7,8;2,3;0,8;0,0;0,0;0,8;0,0;0,8;0,0;0,8;0,8;;;;;;3,3;3,7;3,5;64,6;4,00;47,6;0,0;1,9;15,4;1,0;236,5;0,0;1,0;11,48;0,0;82,4;1,0;13,2;156,7;17,3;1796,6;35,9;10,8;2,3;1,5;1,00;1,00;1,00;0,00;0,00;0,0;0,0;;;;;;;;
Ханты-Мансийский автономный округ - Югра;Октябрьский муниципальный район;Городское поселение Октябрьское;пгт Октябрьское;пгт Октябрьское (Ханты-Мансийский автономный округ - Югра);пгт;FALSE;TRUE;0;FALSE;1799;1993;3792;62.460037;66.044957;71821000;71821151051;4,56;21,9;3,46;3,54;3,21;50,79;20,00;0,81;1,85;34,52;0,00;1,85;0,5;0,79;2,37;0,53;29,01;5,88;1,0;0,0;12,1;-1,9;2,1;2,1;0,3;0,3;0,5;0,3;0,5;0,3;0,3;1,1;0,0;0,0;100,0;96,1;74,4;0,3;3,8;3,4;63,4;3,9;54,3;0,01;92,5;44,6;0,0;178,0;0,0;0,3;1,96;0,0;24,0;1,0;5,9;21,2;13,3;70,7;-0,5;57,7;6,3;1,3;0,00;0,00;0,00;0,00;0,00;25,43;0,00;;;;;;;;
Республика Коми;Муниципальный район Усть-Вымский;Сельское поселение Айкино;село Айкино;село Айкино (Республика Коми);село;FALSE;FALSE;ОНП;FALSE;1453;1739;3192;62.2229021;49.9944498;87644000;87644405101;2,76;32,6;1,80;2,27;;19,49;37,82;3,70;5,33;42,67;0,00;0,94;1,0;0,94;1,25;0,94;26,94;9,93;1,0;0,0;17,3;-8,4;1,3;1,3;0,0;0,0;0,3;0,0;0,3;0,0;0,0;0,3;;0,0;;100,0;13,4;0,0;3,6;3,4;63,6;4,4;58,7;0,00;17,0;5,5;0,0;33,8;0,0;0,1;2,21;1,0;2,3;1,0;5,0;51,3;8,9;245,7;24,7;71,3;6,0;1,9;0,00;0,00;0,00;0,00;0,00;0,00;;3,6;3,1;3,1;2,9;3,1;3,1;1,0;0,0
Ханты-Мансийский автономный округ - Югра;Кондинский муниципальный район;Городское поселение Луговой;пгт Луговой;пгт Луговой (Ханты-Мансийский автономный округ - Югра);пгт;FALSE;TRUE;0;FALSE;764;825;1589;59.722148;65.88607;71816000;71816157051;3,93;29,9;2,45;3,28;1,90;12,00;0,00;1,80;23,29;28,98;0,63;0,63;1,0;0,63;1,26;0,63;9,44;3,7;1,0;0,0;13,8;-4,0;3,8;1,3;0,0;0,0;0,0;0,0;0,6;0,0;0,6;0,0;2533,7;0,0;98,0;94,3;42,9;0,0;3,7;3,3;62,6;4,2;48,5;0,01;87,6;15,8;0,0;71,6;0,0;3,8;5,56;0,0;79,4;0,0;5,8;7,0;24,3;34,4;6,1;6,2;6,3;1,3;0,00;0,00;0,00;0,63;0,00;19,87;0,63;3,1;3,1;3,5;3,0;3,7;3,4;0,9;0,2
Ханты-Мансийский автономный округ - Югра;Кондинский муниципальный район;Городское поселение Кондинское;пгт Кондинское;пгт Кондинское (Ханты-Мансийский автономный округ - Югра);пгт;FALSE;TRUE;0;FALSE;1276;1414;2690;59.653169;67.415294;71816000;71816151051;3,93;29,9;2,95;3,37;2,19;73,28;61,11;1,11;23,42;37,68;0,00;2,60;1,0;0,37;0,37;0,00;9,29;5,22;1,0;0,0;13,8;-4,0;0,7;0,7;0,0;0,0;0,0;0,4;0,7;0,0;0,4;0,4;2193,3;0,0;100,0;100,0;64,8;0,4;4,1;3,4;63,8;4,2;61,9;0,01;87,9;15,8;1,0;19,2;0,0;0,1;11,94;0,0;79,4;1,0;5,8;7,0;27,3;131,0;-3,5;4,7;8,6;0,0;0,00;0,00;0,00;0,74;0,00;2,28;0,00;;;;;;;;
Ямало-Ненецкий автономный округ;Муниципальный округ Надымский район;Муниципальный округ Надымский район;пгт Заполярный;пгт Заполярный (Ямало-Ненецкий автономный округ);пгт;TRUE;FALSE;0;FALSE;609;417;1026;66.45254;73.862198;71936000;71936000052;6,91;13,1;4,80;5,42;4,81;19,27;0,00;0,00;5,85;24,93;0,00;0,00;0,5;0,00;0,97;0,00;4,87;4,4;1,0;0,0;4,7;6,3;1,0;2,9;0,0;0,0;1,0;0,0;1,0;0,0;1,9;0,0;623,8;0,0;87,5;53,8;71,7;0,0;4,1;3,9;68,1;4,7;61,1;0,02;1,4;47,3;1,0;43,4;0,0;0,1;9,2;0,0;25,7;0,0;67,6;458,9;1,1;22,6;5,2;2,5;3,9;1,0;0,00;0,00;0,00;0,00;0,00;0,00;0,00;;;;;;;;
Республика Саха (Якутия);Мирнинский муниципальный район;Городское поселение Поселок Алмазный;пгт Алмазный;пгт Алмазный (Республика Саха (Якутия));пгт;FALSE;FALSE;ПНП;FALSE;790;859;1649;62.450348;114.326863;98631000;98631155051;5,43;13,9;;4,76;4,14;59,68;54,48;0,00;5,46;24,09;0,00;0,61;1,0;0,00;0,61;0,61;4,85;1,59;0,0;0,0;7,8;2,7;0,6;0,6;0,0;0,0;0,6;0,0;0,6;0,0;0,6;0,6;374,8;0,0;20,0;100,0;75,1;0,0;3,8;3,1;63,7;3,8;49,2;0,01;;63,7;1,0;51,3;0,0;0,0;11,11;0,0;19,0;0,0;16,1;1047,1;8,0;7,6;0,4;14,5;2,4;0,6;0,00;0,00;0,00;0,00;0,00;0,00;0,00;;;;;;;;
Чукотский автономный округ;Городской округ Эгвекинот;Городской округ Эгвекинот;пгт Эгвекинот;пгт Эгвекинот (Чукотский автономный округ);пгт;TRUE;TRUE;0;FALSE;1548;1565;3113;66.3235501;179.1194158;77715000;77715000051;3,80;20,1;3,29;4,05;3,85;;;0,00;40,15;23,76;0,00;0,00;1,0;0,64;2,25;0,64;23,13;9,17;1,0;1,0;9,1;0,4;2,6;3,2;0,0;0,0;0,6;0,0;0,3;0,0;0,3;1,6;0,0;0,0;0,0;76,0;81,4;0,6;3,2;3,0;66,4;4,2;50,4;0,02;59,4;2,8;0,0;13,8;0,0;0,0;1,75;0,0;2,0;0,0;172,6;118,0;21,6;0,0;0,0;96,0;4,2;0,0;0,00;0,00;0,00;0,00;0,00;;;;;;;;;;
Ханты-Мансийский автономный округ - Югра;Нижневартовский муниципальный район;Городское поселение Новоаганск;пгт Новоаганск;пгт Новоаганск (Ханты-Мансийский автономный округ - Югра);пгт;FALSE;FALSE;0;FALSE;4416;4700;9116;61.946699;76.669873;71819000;71819156051;4,28;9,3;3,09;3,54;3,52;47,19;0,00;0,93;10,53;15,65;0,00;0,77;1,0;0,33;0,44;0,22;7,35;6,25;1,0;0,0;7,6;1,1;0,8;0,9;0,2;0,0;0,2;0,1;0,2;0,1;0,1;0,7;0,0;100,0;30,0;30,0;87,7;0,9;4,1;3,4;65,6;4,1;63,3;0,01;89,2;90,7;0,0;62,1;0,0;0,0;12,5;0,0;201,2;1,0;9,6;155,2;2,4;253,1;-11,3;11,3;2,1;0,3;0,00;0,00;0,00;0,00;0,00;0,21;0,44;;;;;;;;
Республика Саха (Якутия);Городской округ Город Якутск;Городской округ Город Якутск;село Хатассы;село Хатассы (Республика Саха (Якутия));село;FALSE;FALSE;0;TRUE;2584;2886;5470;61.905855;129.628636;98701000;98701000141;3,96;18,6;2,50;3,59;3,69;47,50;50,00;3,08;0,00;13,07;0,00;3,29;1,0;0,18;1,10;0,18;5,12;7,69;0,0;0,0;8,4;6,0;0,4;0,5;0,0;0,4;0,2;0,2;0,2;0,0;0,2;0,2;0,0;100,0;70,0;40,0;73,1;2,2;3,2;3,2;54,5;3,6;38,6;;78,2;4,5;0,0;76,2;0,0;1,6;0;0,0;4,4;0,0;55,8;116,5;;1346,9;-75,7;;1,3;0,0;0,00;0,00;0,00;0,00;0,00;0,00;0,00;2,4;2,3;3,2;2,6;3,1;3,4;0,8;0,3
Ханты-Мансийский автономный округ - Югра;Советский муниципальный район;Городское поселение Таежный;пгт Таежный;пгт Таежный (Ханты-Мансийский автономный округ - Югра);пгт;FALSE;FALSE;0;FALSE;788;880;1668;61.161409;62.676933;71824000;71824159051;3,66;32,5;3,29;3,18;2,63;;18,18;3,43;85,13;33,96;0,00;0,60;0,5;0,00;0,60;0,00;1,20;1,28;0,0;0,0;12,5;-2,8;0,6;1,2;0,0;0,0;0,6;0,6;0,6;0,0;0,6;0,0;299,8;0,0;15,0;100,0;76,2;3,5;3,8;3,4;59,3;3,9;56,4;0,01;84,6;9,3;0,0;11,4;0,0;0,0;5,13;1,0;10,2;1,0;11,1;23,0;20,5;147,6;16,9;1,0;3,0;0,6;0,00;0,00;0,00;0,00;0,00;2,26;0,60;;;;;;;;
Ханты-Мансийский автономный округ - Югра;Советский муниципальный район;Городское поселение Коммунистический;пгт Коммунистический;пгт Коммунистический (Ханты-Мансийский автономный округ - Югра);пгт;FALSE;FALSE;0;FALSE;705;810;1515;61.680521;64.482638;71824000;71824155051;3,66;32,5;3,24;3,52;2,76;49,03;27,03;1,85;26,40;37,03;0,66;4,62;1,0;0,66;0,66;0,66;9,24;0;0,0;0,0;12,5;-2,8;2,0;1,3;0,0;0,0;0,7;0,7;0,7;0,0;0,7;0,0;838,9;0,0;15,0;90,8;75,9;2,1;4,1;3,5;59,6;3,8;54,3;0,01;84,8;9,3;0,0;11,9;0,0;0,0;25;1,0;10,2;1,0;11,1;23,0;21,1;163,9;7,3;13,3;8,6;1,3;0,00;0,00;0,00;0,00;0,00;0,00;0,00;2,2;2,1;2,1;2,1;2,6;2,6;1,0;0,4
Республика Коми;Муниципальный район Сосногорск;Городское поселение Войвож;пгт Войвож;пгт Войвож (Республика Коми);пгт;FALSE;FALSE;ПНП;FALSE;816;1029;1845;62.89436043;54.96360733;87626000;87626153051;3,31;32,3;2,13;2,34;;29,36;11,76;0,00;0,00;29,16;0,54;3,25;1,0;1,08;0,54;0,54;9,21;11,11;1,0;0,0;15,9;-8,2;3,8;1,6;0,5;0,5;1,1;0,0;0,5;0,5;0,5;1,1;1832,0;100,0;;100,0;2,0;0,0;4,0;3,5;58,7;4,0;64,8;0,01;4,3;11,0;0,0;45,2;0,0;0,0;3,7;0,0;5,1;1,0;5,3;7,4;30,4;110,9;7,7;9,8;2,2;1,6;0,00;0,00;0,00;0,00;0,00;0,00;;;;;;;;;
Ханты-Мансийский автономный округ - Югра;Кондинский муниципальный район;Городское поселение Мортка;пгт Мортка;пгт Мортка (Ханты-Мансийский автономный округ - Югра);пгт;FALSE;FALSE;0;FALSE;1499;1734;3233;59.334941;66.024083;71816000;71816163051;3,93;29,9;2,84;3,21;2,14;51,80;58,33;1,26;20,11;26,07;0,00;1,55;1,0;0,31;0,62;0,31;6,50;2,08;0,0;0,0;13,8;-4,0;1,5;1,5;0,6;0,0;0,3;0,3;0,3;0,0;0,3;0,6;2829,6;0,0;100,0;62,3;64,4;0,9;4,1;3,6;65,1;4,4;53,7;0,01;87,7;15,8;1,0;28,6;0,0;0,3;16,67;1,0;79,4;1,0;5,8;7,0;26,7;260,1;-32,6;3,2;3,7;0,6;0,00;0,00;0,00;0,00;0,00;0,00;0,00;;;;;;;;
Ханты-Мансийский автономный округ - Югра;Советский муниципальный район;Городское поселение Зеленоборск;пгт Зеленоборск;пгт Зеленоборск (Ханты-Мансийский автономный округ - Югра);пгт;FALSE;FALSE;0;FALSE;818;960;1778;61.473684;64.04633;71824000;71824153051;3,66;32,5;3,25;3,64;2,83;;18,60;2,60;46,68;26,91;0,00;0,56;0,5;0,56;0,56;0,56;7,87;0;0,0;0,0;12,5;-2,8;2,8;1,1;0,0;0,6;0,6;0,6;0,6;0,0;0,6;0,6;1237,3;0,0;15,0;100,0;74,6;0,0;4,0;3,5;65,2;4,6;72,4;0,01;84,6;9,3;1,0;4,3;0,0;0,0;5;1,0;10,2;1,0;11,1;23,0;14,2;375,5;31,6;1,0;2,2;1,7;0,00;0,00;0,00;0,00;0,00;0,00;0,00;;;;;;;;
Республика Саха (Якутия);Усть-Янский муниципальный район;Городское поселение Поселок Депутатский;пгт Депутатский;пгт Депутатский (Республика Саха (Якутия));пгт;TRUE;FALSE;ОНП;FALSE;1215;1375;2590;69.340713;139.949957;98656000;98656151051;3,69;25,3;3,60;4,56;3,90;19,00;0,00;0,00;9,65;29,30;0,00;0,39;1,0;0,77;1,54;0,77;15,83;0;0,0;1,0;13,6;0,5;0,0;0,0;0,4;0,0;0,8;0,0;0,4;0,0;0,4;0,4;0,0;0,0;4,5;100,0;70,2;0,0;3,0;2,5;58,3;2,9;42,4;0,00;94,9;4,4;0,0;0,3;0,0;0,0;21,43;0,0;2,3;0,0;4,3;97,0;8,3;1102,0;106,2;4,2;3,5;0,0;0,00;0,00;0,00;1,54;0,00;18,52;0,00;;;;;;;;
